한글단어명,영문단어명,단어 전체 명,단어 설명
10월,MM10,MM10,
11월,MM11,MM11,
12월,MM12,MM12,
1박,STAY1,STAY ONE DAY,
1분기,QTR1,FIRST QUARTER,
1월,MM1,MM1,
1차,FST,FIRST,
1학년,SY1, SCHOOL YEAR 1,
20인실,PSN20,20 PERSONS,
2박,STAY2,STAY TWO DAY,
2분기,QTR2,SECOND QUARTER,
2월,MM2,MM2,
2차,SECOND,SECOND,
2학년,SY2, SCHOOL YEAR 2,
3계열,PART3,SERIES 1,
3분기,QTR3,THIRD QUARTER,
3월,MM3,MM3,
3학년,SY3, SCHOOL YEAR 3,
4분기,QTR4,FOURTH QUARTER,
4월,MM4,MM4,
4학년,SY4, SCHOOL YEAR 4,
5계열,PART5,SERIES 5,
5월,MM5,MM5,
5학년,SY5,SCHOOL YEAR 5,
6월,MM6,MM6,
6학년,SY6,SCHOOL YEAR 6,
7계열,PART7,SERIES 7,
7월,MM7,MM7,
7인실,PSN7,7 PERSONS,
8월,MM8,MM8,
9계열,PART9,SERIES 9,
9월,MM9,MM9,
ACE,ACE,ACE,
ACL,ACL,ACCESS CONTROL LIST,
ALTSGPT,ALTSGPT,UNDEFINED,
BEAM,BEAM,BEAM,
BINARY,BIN,BINARY,
CDROM,CDROM,CDROM,
CMS,CMS,CMS(CASH MANAGEMENT SYSTEM),
CPU,CPU,CPU,
DEET,DEET,치과전문대학원입학시험,
DM,DM,DM,
DNS,DNS,DOMAIN NAME SERVER,
DVD,DVD,DIGITAL VIDEO DISK,
F,F,FAIL,학점을 구분하는 기호의 하나. 낙제를 의미
FULLTIME,FULLTIME,FULL TIME,
G2B,G2B,GOVERNMENT-TO-BUSINESS,
HDD,HDD,HARD DISK,
ID,ID,IDENTIFICATION,"인터넷에서, 이용자의 신분을 증명할 수 있는 고유의 체계. 문자나 숫자 따위로 이루어진다."
IP,IP,IP ADDRESS,컴퓨터 네트워크에서 장치들이 서로를 인식하고 통신을 하기 위해서 사용하는 특수한 번호이다.
KEP,KEP,KEP,KEP
KTS,KTS,KTS,KTS
LAN,LAN,LAN,
LEET,LEET,법학적성시험,
MIC,MIC,MICROPHONE,
NURS,NURS,NURSE,간호하다
OBJECT,OBJ,OBJECT,
OHP,OHP,OVERHEAD PROJECTOR,
OMR,OMR,OPTICAL MARK READER,
OS,OS,OPERATING SYSTEM,
OUR,WE,OUR,
PARTTIME,PARTTIME,PARTTIME,
PC,PC,PERSONAL COMPUTER,
PDF,PDF,PORTABLE DOCUMENT FORMAT,
RAM,RAM,RAM(RANDOM ACCESS MEMORY),
RFID,RFID,RFID,
RH,RH,RH,
ROTC,ROTC,ROTC,
SCREEN,SCR,SCREEN,
SET,SET,SET,
SMS,SMS,SHORT MESSAGE SERVICE,
SNICKNAME,NKNM,SNICK NAME,
TEPS,TEPS,TEST OF ENGLISH PROFICIENCY DEVELOPED BY SEOUL NATIONAL UNIVERSITY,
URL,URL,UNIFORM RESOURCE LOCATOR,"문화어: 파일식별자, 유일자원지시기은 네트워크 상에서 자원이 어디 있는지를 알려주기 위한 규약이다."
USR,USER,USER,
VMI,VMI,VMI,VMI
VTR,VTR,VTR,
WTO,WTO,WTO,
XML,XML,EXTENSIBLE MARKUP LANGUAGE,
YMCNT,YMCNT,YMCNT,
id,ID,,
가,TMP,TEMPORARY,
가감,ADDSUB,ADDITION AND SUBTRACTION,
가격,PRC,THE PRICE,
가계,HOUS_ECO,"HOUSEHOLD ECONOMY,",
가능,POSB,POSSIBILITY,"해낼 수 있음, 일어나거나 이루어질 수 있음"
가능성,POSB,POSSIBILITY,
가동,OPR,OPERATION,"움직여 일을 하게 되다, 기계 따위를 움직여 일을 하게 함"
가로,HOR,HORZONTAL,
가맹점,MEMCTR,MEMBER CENTER,
가산,ADD,ADDITION,
가상,CYBER,CYBER,
가상계좌,VIRTL_ACCNT,VIRTUAL ACCOUNT,
가액,AMT,AMOUNT,돈의 액수.
가옥,HOUS,HOUSE,
가입,JOIN,JOIN,
가정,HOME,HOME,
가족,FM,FAMILY,
가중,WGT,WEIGHT,
가중치,WGT,WEIGHT,
가진급,CONFRMT,"CONDITIONAL PASS, CONDITIONAL PROMOTION",
가치,VAL,VALUE,
각,EA,EACH,
간격,GAP,GAP,
간부,EXECT,EXECUTIVE,
간이,SIMP,SIMPLICITY,
간접,INDIR,INDIRECTNESS ,
간접비,INDIRCST,"INDIRECT COST, OVER HEAD FEE",
간지,SSHT,SHEET,
간행물,MGZ,MAGAZINE,
간호,NURS,NURSE,
간호사,NURSE,NURSE,
감가상각,DEPR,DEPRECIATION,
감독,SPR,SUPERINTENDENCE ,
감독관,JDG,JUDGE,
감리,INSP,INSPECTION,
감면,REDC,REDUCE,"세금이나 형벌 따위를 일정하게 줄이거나 면제함, 일정하게 줄이거나 면제하다"
감사,GRAT,GRATITUDE,자기에게 도움이 되거나 흐뭇하여 그에 보답하고자 하는 마음
감산,SUBTRA,SUBTRACTION,빼어 셈함. 
감소,REDC,REDUCE,
감액,REDC,REDUCE,
감점,DMRTMARK,DEMERIT MARK,
감정,APPR,APPRAISE,
갑근세,INCOME_TAX,INCOME TAX,
값,VAL,VALUE,사물이 지니고 있는 쓸모.
강당,HAL,HALL,
강도,STRNG,STRENGTH,[强度]강한 정도
강사,LECTURER,LECTURER,
강사료,LT_AMT,LECTURE FEE,
강의,LT,LECTURE,학문이나 기술의 일정한 내용을 체계적으로 설명하여 가르침.
강의일람,LTPN,LECTURE PLAN,
강좌,LT,LECTURE,
개강,OPOSH,OPENING OF SCHOOL,
개발,DEV,DEVELOP,새로운 것을 연구하여 만들어 냄
개별,INDI,INDIVIDUAL,주로 일부 명사 앞에서 관형어로 쓰여 여럿 중에 하나하나 따로 나뉘어 있음을 나타내는 말
개선,IMPV,IMPROVEMENT,
개설,OPEN,OPEN," 제도, 강의등의 일을 새로 마련하고 그에 관한 일을 시작함."
개수,CNT,COUNT,일이나 사건 따위의 가짓수
개시,OPEN,OPEN,
개요,SMRY,SUMMARY,
개월,MTH,MONTH,
개월수,MMCNT,MONTH COUNT,
개인,PERS,PERSONAL,
개정,REVSN,REVISION,
개최,HOLD,HOLD,
객관식,OBJTV,OBJECTIVE,
객체,OBJT,OBJECT,
갱신,CHG,CHANGE,
거래,TRNS,TRANSACTION,
거래선,VEND,VENDOR,
거래처,VEND,VENDOR,상품을 사고팔거나 돈을 주고받는 관계에 있는 곳
거리,DIST,DISTANCE,둘 사이가 공간적으로 떨어져 있는 정도
거절,REJT,REJECT,
거주,RESI,RESIDENT,
거치,UNREDM,UNREDEEMED,
건강,HEAL,HEALTH,
건강보험,HINS,HEALTH INSURANCE,
건명,NM,NAME,
건물,BD,BUILDING,사람이 살거나 일하거나 물건을 넣어 두기 위해 지은 집을 통틀어 이르는 말
건수,CNT,COUNT,일이나 사건 따위의 가짓수
건의,PPS,PROPOSAL,
건재,CLFY,CLASSIFICATION,
건축,BD,BUILDING,
건축물,BD,BUILDING,
건평,BDACR,BUILDING ACRE,
검사,INSP,INSPECTION,어떤 일이나 사실의 옳고 그름이나 사물의 좋고 나쁨 따위를 살피거나 조사함
검사자,TSTR,TESTER,
검사지,INSPP,INSPECTION SHEET,
검색,QRY,QUERY,
검수,INSP,INSPECTION,
검수자,INSPR,INSPECTOR,
검정,QUAL,QUALITY,
검증,VRFN,VERIFICATION,
검진,MEXAM,MEDICAL EXAMINATION,
검침,INSPECT,INSPECTION,
검침자,INSPECTR,INSPECTOR,
검토,EXAM,EXAMINATION,
게스트,GUEST,GUEST,
게시,NOTI,NOTICE,"내붙이거나 내걸어 여러 사람이 두루 보게 하다, 글, 그림, 사진 따위를 내붙이거나 내걸어 여러 사람이 두루 보게 함"
게시글,NOTIWR,NOTICE WRITING,
게시물,BODITM,BOARD ITEM,
게시판,BOARD,BOARD,"1.
여러 사람에게 알릴 내용을 내붙이거나 내걸어 두루 보게 붙이는 판(板). ‘알림판’으로 순화.
2.
인터넷상에서 여러 사람에게 알리는 글을 볼 수 있으면서, 자신의 글을 올릴 수도 있는 공간."
게이트웨이,GWAY,GATEWAY,
게재,PUBL,PUBLICATION,
게재지,PUBL_JRNL,PUBLISH JOUNAL,
견적,ESTI,ESTIMATE,
견적서,ESTISHT,ESTIMATE SHEET,
견학,VISITSTUDY,VISIT FOR STUDY,
결강,ABSN_LT,ABSENCE LECTURE,
결과,RSLT,RESULT,어떤 원인으로 말미암아 이루어진 일의 상황이나 상태
결근,ABSN,ABSENCE,
결론,CNCLSN,CONCLUSION,
결산,FNCL,FINANCIAL STATEMENT,
결석,ABSN,ABSENCE,
결시,OMIT,OMISSION,
결심,FLTRL,"FINAL TRIAL, THE EXAMINATION OF A THESIS",
결의,DCD,DECISION,
결의서,DCD_DOC,DECISION DOCUMENTS,
결재,APRV,APPROVAL,
결재자,APRVR,APPROVAL PERSON,
결정,DETM,DETERMINE,어떤 일에 대한 방향이나 태도를 분명하게 정함
결제,STTL,SETTLEMENT,
결혼,MAGE,MARRIAGE,남녀가 정식으로 부부 관계를 맺음.
겸임,ADDPOST,ADDITIONAL POSITION,
겸직,PLR,PLURAL,
경감,REDC,REDUCE,
경고,WARN,WARNNING,
경과,ELAP,ELAPSE,
경기,GAME,GAME,
경도,LON,LONGITUDE,"[經度] 지구상의 위치를 나타내는 좌표의 한 가지. 그리니치 자오선의 자오면과 다른 자오선의 자오면이 이루는 각도로 나타냄
"
경력,CARR,CAREER,
경로,PATH,PATH,"[經路]일이나 사건이 진행되어 왔거나 진행되어 가는 과정,"
경로,RSPT,RESPECT FOR THE AGED,
경로자,ELDR,ELDER PERSON,
경리,PAYMST,PAY MASTER,
경비,EXPS,EXPENSES,어떤 일을 하는 데 쓰이는 비용
경사,SLANT,SLANT,
경상,CURR,CURRENT,
경영,MNGMT,MANAGEMENT,
경영학,BUS_ADM,BUSINESS ADMINISTRATION,
경위,PATH,PATH,
경유,VIA,VIA,
경쟁,CMPT,COMPETE,
경제,ECNMY,ECONOMY,
경주,RACE,RACE,"사람, 자동차, 동물 등이 일정한 거리를 달려 그 빠르기를 겨룸,"
경찰,POLC,POLICE,
경험,EXPRC,EXPERIENCE,
계,TT,TOTAL,
계급,GRAD,GRAD,
계단,STAIR,STAIRS,
계량기,METER,METER,
계산,CAL,CALCULATION,
계산서,BILL,BILL,
계상,CAL,CALCULATION,
계속,CNTI,CONTINUITY,
계수,CAL,CALCULATION,"계산해 내다, 계산해 냄"
계약,CNTR,CONTRACT,
계약직,CONWORKING,CONTRACT WORKING,
계열,PART,PARTITION,
계절,SESN,SEASON,
계정,ACCT,ACCOUNT,
계좌,BACCT,BANK ACCTOUNT,은행 따위에서 고객의 저축이나 대출 상황을 기록한 것
계통,TYPE,TYPE,
계획,PLAN,PLAN,"장차 벌일 일에 대해 구체적인 절차나 방법, 규모 따위를 미리 헤아려 구상함,"
계획서,PDOC,PLANNING DOCUMENT,
고,HSCH,HIGH SCHOOL,
고1,HS1,HIGH SCHOOL 1ST GRADD,
고2,HS2,HIGH SCHOOL 2ND GRADE,
고3,HS3,HIGH SCHOOL 3RD GRADE,
고가,HIPC,A HIGH PRICE,
고객,CUS,CUSTOMER,"영업을 하는 사람에게 대상자로 찾아오는 손(사람)
[법률정의] (약관의 규제에 관한 법률) 계약의 일방 당사자로서 사업자로부터 약관을 계약의 내용으로 할 것을 제안받은 자"
고객사,CUSCOM,CUSTOMER COMPANY,고객사
고과,EVAL,EVALUATION,
고교,HSCH,HIGH SCHOOL,
고등학교,HSCH,HIGH SCHOOL,"중학교를 마친 사람에게 고등 보통 교육과 실업 교육을 실시하는 학교, 인문계와 실업계 두 종류가 있고 수업 연한은 3년이다"
고려,CNSD,CONSIDERATION,
고마움,GRAT,GRATITUDE,
고발자,RLTR,RELATOR,
고사,EXAM,EXAMINATION,
고사장,PLACE,EXAMINATION PLACE,
고속철도,KTX,KTX,
고시,NOTI,NOTICE,
고용,EMPL,EMPLOYMENT,
고용보험,EINS,EMPLOYMENT INSURANCE,
고유,UNI,UNI,
고유번호,ID,IDENTIFICATION NUMBER,
고장,TROB,TROUBLE,
고정,FIX,FIXED,"한번 정한 상태에서 변경하지 않음, 일정한 장소나 상태에 있도록 움직이지 못하게 하다"
고지,NOTI,NOTICE,
고지서,DMPP,DEMAND PAPER,
공간,SPACE,SPACE,
공개,PUBC,PUBLIC,
공고,ANUN,ANNOUNCEMENT,
공공,PBLC,PUBLIC,
공급,SPLY,SUPPLY,
공급사,SUPLCOM,SUPPLIER COMPANY,공급사
공급업체,SUPLCOM,SUPPLIER COMPANY,
공동,COOP,COOPERATION,
공란,BLNK,BLANK,
공모,COLL,COLLECT,
공무원,PUBPERS,PUBLIC OFFICER,
공문,ODOC,OFFICIAL DOCUMENT,
공부,PUBBK,PUBLIC BOOK,
공사,COSTRT,CONSTRUCTION,
공시,ANNC,PUBLIC ANNOUNCEMENT,
공식,FMLT,FOMALITY,
공약,PLG,PLEDGE,
공용,OFCUSE,OFFICIAL USE,
공유,SHARE,SHARE,
공정,PRCS,PROCESS,
공제,DUC,DEDUCTION,
공제회,CRUN,CREDIT UNION,
공중,PBLC,PUBLIC,
공지,NOTI,NOTICE,
공지사항,BOARD,BOARD,
공통,CMMN,COMMON,
공표,PANN,PUBLIC ANNOUNCEMENT,
공학,ENGR,ENGINEERING,
공학인증,ABEEK,ACCREDITION BOARD FOR ENGINEERING EDUCATION OF KOREAA,
공항,AIRP,AIRPORT,공항
공휴일,HLDY,HOLYDAY,
과,DEPT,DEPARTMENT,
과납,OVPAID,OVER PAID,
과다,EXCE,EXCESS,
과락,SBJT_DISQ,SUBJECT DISQUALITY,
과목,SBJT,SUBJECT,
과미납,OVUNPAID,OVER/UNPAID,
과세,TAX,TAX,
과세표준,TXSTD,TAX STANDARD,
과장,MAGNIF,MAGNIFICATION,
과정,CORS,COURSE,
과제,PRJT,PROJECT,
과제물,PRJT,PROJECT,
과제및참고,PRPJ_N_REF,PROJECT AND REFERENCE,
과태료,PNTY,PENALTY,
과학,SCI,SCIENCE,
관,SST,SUBSECTION,
관계,REL,RELATION,
관급,GVRNT_SPLY,GOVERNMENT SUPPLY,
관납,PYGO,PAYMENT TO GOVERNMENT,
관련,CONC,CONCERN,
관리,MNG,MANAGEMENT,"어떤 일을 맡아 관할하고 처리함
[법률정의] (소방장비관리규칙) 소방장비가 언제든지 본래의 성능을 발휘할 수 있도록 점검?보수 등을 하는 것"
관리자,MNGR,MANAGER,
관보,GAZETTE,GAZETTE,
관생,LIVSTD,LIVING STUDENT,
관세,CSTMS,CUSTOMS,
관세감면,TXRD,TAX REDUCTION,
관심,INTEREST,INTEREST,
관장,MNGT,MANAGEMENT,
관적,RSDREG,RESIDENCE REGISTER,
관직,PUBOFC,PUBLIC OFFICE,
관찰,OBSV,OBSERVATION,
광,LRG,LARGE,
광고,AD,ADVERTISEMENT,
교과,SUBMATT,SUBJECT MATTER,
교과과정,CURI,CURICULAM,
교과목,SBJT,SUBJECT,
교과서,TXBOOK,TEXT BOOK,
교관,INSTRT,INSTRUCTOR,
교구,PARI,PARISH,
교내,INCAMP,IN CAMPUS,
교내외,SHIO,SCHOOL INSIDE/OUTSIDE,
교류,INTCH,INTERCHANGE,
교복,SCHUNF,STUDENT UNIFORM,
교부,DELI,DELIVERY,
교비,SHAMT,SCHOOL AMOUNT,
교사,TEACHER,TEACHER,
교수,PROF,PROFESSOR,
교시,LTTM,LECTURE TIME,
교신,CRSP,CORRESPONDENCE,
교양,CULT,CULTURE,
교외,OUTCAMP,OUTSIDE  THE CAMPUS(SCHOOL),
교우,FRIEND,,친구
교원,SPRF,SCHOOL PROFESSOR,
교육,EDU,EDUCATION DEPARTMENT,
교육과정,CURI,CURICULAM,
교육부,MOE,MINISTRY OF EDUCATION & HUMAN RESOURCES DEVELOPMENT ,
교육비,EDAMT,EDUCATION AMOUNT,
교육원,EDUCTR,EDUCATIONAL CENTER,
교육인적자원부,MOE,MINISTRY OF EDUCATION & HUMAN RESOURCES DEVELOPMENT ,
교장,SCHM,SCHOOL MASTER,
교재,TXBOOK,TEXT BOOK,
교정,PFRD,PROOFREADE,
교정자,PFRDR,PROOFREADER,
교지,SCHMAGNE,SCHOOL MAGAZINE,
교직,TCHR,TEACHER TRAINING COURSE,
교직원,STAFF,STAFF,
교직원공제회,KTCU,THE KOREAN TEACHERS' CREDIT UNION,
교차,CROSS,CROSS,
교체,SUBST,SUBSTITUTE ,
교통,TRAF,TRAFFIC,
교통편,TRAF,TRAFFIC,
교평위,PROFAPCM,PROFESSOR APPRAISAL  COMMITTEE,
교환,EXCHG,EXCHANGE,
교회,CHURCH,CHURCH,
구,OLD,OLD,
구간,SECT,SECTION,
구내,EXT,EXTENSION,
구독,SUBSP,SUBSCRIPTION,
구매,PURC,PURCHASE,
구미,GUMI,GUMI,구미
구분,FG,FLAG,일정한 기준에 따라 전체를 몇 개로 갈라 나눔.
구비,REQ,REQUIRED,
구성원,MBR,MEMBER,
구입,PURC,PURCHASE,
구조,STR,STRUCTURE,
구좌,BACCT,BANK ACCTOUNT,
구축물,STRCTR,STRUCTURE,
국,COUN,COUNTRY,
국가,COUN,COUNTRY,
국내,DOME,DOMESTIC,
국내교류,DOME_EXC,DOMESTIC EXCHANGE,
국내외,COUNIO,COUNTRY INSIDE/OUTSIDE,
국문,KOR,KOREAN,
국민,PEOP,PEOPLE,"국민, 백성, 동포"
국민기초생활,MINCOST,MINIMUM COST OF LIVING,
국민연금,NPN,NATIONAL PENSION,
국비,NTNEXPN,NATIONAL EXPENSE,
국세청,NTS,THE NATIONAL TAX SERVICE,
국외,FRN,FOREIGN COUNTRY,
국적,NATI,NATIONALITY,
국제,INTE,INTERNATIONAL,
국제표준도서번호,ISBN,INTERNATIONAL STANDARD BOOK NUMBER,
국제표준정기간행물번호,ISSN,INTERNATIONAL STANDARD SERIAL NUMBER,
국책,NAPL,NATIONAL POLICY,
군,GUN,GUN,행정 구역 단위 군 
군,MIL,MILITARY,
군명,GUNNM,,
군번,MIL_NO,MILITARY NUMBER,군인 개인마다 주어지는 고유 번호.
군별,MIL,MILITARY,
군사학,MIL_SCN,MILITARY SCIENCE,
군필,MILFIN,MILITARY SERVICE FINISHED,
권,VOL,VOLUME,
권리,RIGHT,RIGHT,
권역,AREA,AREA,권역
권유자,SLCTR,SOLICITOR,
권장,RCOM,RECOMMENDATION,
권한,PERM,PERMISSION,
귀속,REVS,REVERSION,
규격,SPEC,SPECIFICATION,
규모,SCALE,SCALE,
규정,PROV,PROVISION,규칙으로 정함
그룹,GRP,GROUP,
그룹웨어,GW,GROUPWARE,
그림,IMG,IMAGE,
근거,BASI,BASIS,
근로,LABOR,LABOR,
근로자,LABORR,LABORER,
근무,WK,WORK,
근무자,WKR,A WORKER,
근무지,WKSITE,WORK SITE,
근무처,WKSITE,WORK SITE,
근무처별,CBYSITE,CLASSIFIED BY SITE,
근속,CWK,CONTINUE WORK,
근태,ATTD,WORK ATTITUDE,
금,AMT,AMOUNT,돈의 액수.
금액,AMT,AMOUNT,돈의 액수.
금요일,FRI,FRIDAY,
금일,THEDD,THE DAY,
금일업무실시,TBR,TODAY BUSINESS RUN,
금학기,PRTM,PRESENT TERM,
급,LVL,LEVEL,
급량,FOOD,FOOD,
급류,LVLPT,LEVEL PART,
급수,SECL,SECTION_CLASS,
급식비,FDEXPS,FOOD EXPENSE,
급여,SALY,SALARY,
기,ALD,ALREADY,
기간,TERM,TERM ,어느 일정한 시기부터 다른 어느 일정한 시기까지의 사이.
기계,MCHN,MACHINE,
기관,BREU,BUREAU,
기구,ORGAN,ORGANIZATION,
기금,FUND,FUND,
기기,MCHN,MACHINE,
기납부,ALPAI,ALREADY PAID,
기념,COMMEM,COMMEMORATION,
기능,FUNC,FUNCTION,
기대,DEPD,DEPENDANCE,
기록,RECD,RECORD,
기말,FL,FINAL,
기말고사,FLEXM,FINAL EXAMINATION,
기법,TECH,TECHNIQUE,
기본,BASE,BASE,
기부,CNTRIB,CONTRIBUTION,
기사,ARTICLE,AN ARTICLE,
기산,RECKON,RECKON,
기성,SSO,SCHOOL SUPPORT,
기성회,SSO,SCHOOL SUPPORTING ORGANIZATION,
기수,SEQ,SEQUENCE,일정한 기간씩 되풀이되는 일의 하나하나의 과정의 차례순번을 의미. 
기숙사,DORM,DORMITORY,
기술,TECH,TECHNIQUE,
기안,DRAFT,DRAFTING,사업이나 활동 계획의 초안(草案)을 만듦
기안올림,DRAFTSUBM,DRAFT SUBMMIT,
기업,CO,COMPANY,
기여,CNTRIB,CONTRIBUTION,
기여도,CNTRIBRT,CONTRIBUTE RATE,
기온,TMPR,"TEMPARATURE,TEMPORARY",
기일,TERM,TERM,
기자,PMAN,NEWSPAPER MAN,
기자재,APRT,APPARATUS,
기존,EXTNG,EXISTING,
기종,MCHNTP,MACHINE TYPE,
기준,BASI,BASIS,
기준령,BASICM,BASIS COMMAND,
기준소득월액,BSEMMAMT,BASIS EARN MM AMT,
기증,DONA,DONATION,
기초,BASE,BASE,
기타,ETC,ETC,
기표,ATDN,ACCOUNT DECISION,
기표자,ATDNR,ACCOUNT DECISIONER,
기한,TERM,TERM,
기호,SMB,SYMBOL,어떠한 뜻을 나타내기 위하여 정한 기호
기획,PLAN,PLAN,
기후,WEAT,WEATHER,
긴급,EMERG,EMERGENCY,
길이,LGTH,LENGTH,한끝에서 다른 한끝까지의 거리.
깊이,DEP,DEPTH,
끝,FL,FINAL,
끼니,MEAL,MEAL,
나누기,SHARE,SHARE,
나눔,DIVID,DIVIDED,
나머지,REMA,REMAIN,
나무,TREE,TREE,
나이,AGE,AGE,사람이나 생물이 나서 살아온 햇수
낙찰,SCFBID,SUCCESFUL BID,
난방,HEAT,HEATING,
난이도,DIF,DIFFICULT,
날씨,WEAT,WEATHER,
날짜,DT,DATE,
남,MALE,MALE,
납,PAID,PAID,
납기,PAPRD,"PERIOD, FOR PAYMENT   ",
납부,PAID,PAID,
납세조합,TXPYAS,TAX PAYMENT ASSOCIATION,
납입,GV,GIVE,
납품,DELI,DELIVERY,
낱개,PIECE,PIECE,
내,IN,IN,
내국세,INDUTY,INLAND DUTY,
내규,PROV,PROVISION,
내부,INSD,INSIDE,
내신,SBJT,SUBJECT,
내역,CTNT,CONTENT,
내외,IO,IN OUT,
내용,CNTN,CONTENT,"말, 글, 그림, 연출 따위의 모든 표현 매체 속에 들어 있는 것. 또는 그런 것들로 전하고자 하는 것"
내용년수,DUR_YCNT,DURABLE YEARS,
내일,TOMO,TOMORROW,
내자,DOFU,DOMESTIC FUND,
내장,INTER,INTERIOR,
냉방,COLD,COLD,
너비,WIDTH,WIDTH,
넓이,WDTH,WIDTH,
년,YY,YEAR,
년간,ANN,AN ANNUAL,
년도,YY,YEAR,일정한 기간 단위로서의 그해.
년도별,BYYY,BY YEAR,
년수,YCNT,YEAR COUNT,해의 수
년식,VINTG,VINTAGE,
년월,YYMM,YEAR MONTH,년도와 월
년월수,YMCNT,YMCNT,
년월일,YYMMDD,YEAR MONTH DAY,
노동,LABOR,LABOR,
노력,EFRT,EFFORT,
노력도,EFRTRT,EFFORT RATE,
노정,DIST,DISTANCE,
노조,LABUN,A LABOR UNION,
노트,NOTE,NOTE,
녹화,RECD,RECORD,
논리,LOGIC,LOGIC,
논문,THSS,THESIS,
논문초록,THSS_SMR,THESIS_SUMMARY,
논술,STMT,STATEMENT,
논증,PROOF,PROOF,
농,FARM,FARM,
농도,DEPTH,DEPTH,
농어촌,FAFV,FARMING AND FISHING VILLAGES,
농어촌특별세,FVSTX,FARMING AND FISHING VILLAGES SPECIAL TAX,
농업,FARM,FARM,
농특세,FMTAX,FARM TAX,
높이,HGHT,HEIGHT,높은 정도.
누계,ADSM,ADDING SUM,
누락,OMIT,OMISSION,
누락자,OMIT,OMISSION,
누적,CUML,CUMULATIVE,
누진,CUML,CUMULATIVE,
누진세,CUMLTAX,CUMULATIVE TAX,
능력,ABTY,ABLITY,
능률,EFCY,EFFICIENCY,
다,MULT,MULT,
다량,MULT,MULT,
다름,DIFF,DIFFERENCE,
다시,RE,RE,
다운로드,DN,DOWNLOAD,
다음,NEXT,NEXT,
다전공,MULT_MJ,MULTI MAJOR,
단,GRP,GROUP,
단가,UNTPRC,UNIT PRICE,물건 한 단위(單位)의 가격.
단계,STG,STAGE,
단과대학,COLG,COLLEGE,
단기,STTM,SHORT TERM,
단독,SINGLE,SINGLE,
단어,WORD,WORD,
단위,UNIT,UNIT,"길이, 무게, 수효, 시간 따위의 수량을 수치로 나타낼 때 기초가 되는 일정한 기준"
단일,SINGLE,SINGLE,
단일세율,SGTRT,SINGLE TAX RATE,
단체,GRP,GROUP,
단체보험,GPINS,GROUP INSURANCE,
단축,SHRT,SHORT,
단평위,COLGAPCM,GOLLEGE APPRAISAL COMMITTE,
달러,USD,US DOLLAR,
달리기,RACE,RACE,
달성,ACHIV,ACHIVEMENT,
담당,RESP,RESPONSIBILITY PERSON,
담당자,PSCH,PERSON IN CHARGE,어떤 일을 맡아서 하는 사람
담당팀,CHGTM,CHGTM,
담보,SCRT,SECURITY,
답,ANSR,ANSWER,
답변,RPLY,REPLY,부름이나 물음에 응하여 답함.
답변,RPLY,ANSWER,
당,PER,PER,
당기,TTERM,THIS TERM,
당기말,ETTERM,END OF THE THIS TERM,
당년,THEYY,THE YEAR,
당시,THTM,AT THAT TIME,
당연,NECE,NECESSARY,
당월,THEMM,THE MONTH,
당일,THEDD,THE DAY,오늘
당직,ONDUTY,ONDUTY,
대,LRG,LARGE,
대관,LEND,LEND,
대교협,KCUE,한국대학교육협의회,
대금,PBIL,PAY THE BILL,
대기,IDLE,IDLE,
대대,BATT,A BATTALION,
대륙,CNTN,CONTINENT,
대리,SUBST,SUBSTITUTE ,대신하여 일을 처리하다
대리인,RPTT,A REPRESENTATIVE,
대리점,FRCS,FRANCHISE,대리상(代理商)의 영업소
대립,CONFLI,CONFLICT,
대민,PBLC,PUBLIC,
대변,CR,CREDITOR,
대부,LOAN,LOAN,
대분류,LCLSF,LARGE CODE,
대비,CONTR,CONTRADISTINCTION,
대사,SPCH,SPEECH,"연극, 영화, 드라마 따위에서 배우가 하는 말"
대상,OBJ,OBJECT,어떤 일의 상대 또는 목표나 표적이 되는 것
대수,CNT,COUNT,
대신,SUBTT,SUBSTITUTION,
대여,LEND,LEND,"돈이나 물건 따위를 빌려 줌, 나중에 돌려받기로 하고 일정한 값을 받고 얼마 동안 쓰게 하다"
대여금,LOAN,LOAN,
대여자,LENDR,LENDER,
대외학사,OUTSHAF,OUT BACHELOR,"국제교환교류, 국내교환교류, 특별수강생, 방문학생, 국제하계강좌 수강생 등 정규 학생 이외 학생에 대한 분류"
대우,TRMT,TREATMENT,
대원,MEMB,MEMBER,
대응,ACT,ACTION,대응
대장,LEDG,LEDGER,
대조표,SHT,SHEET,
대지,LAND,LAND,
대차,BALN,THE BALANCE,
대체,SUBST,SUBSTITUTE ,
대출,BORW,BORROWING,
대표,RPST,REPRESENTATION,
대표자,RPSTR,REPRESENTATIVE,
대학,COLG,COLLEAGE,대학내의 기관 성격으로 단과대학이나 대학원을 지칭하는 말
대학,UNIV,UNIVERSITY,최고급의 공공 교육 및 연구 기관
대학(원),UNIV,UNIVERSITY / COLLEGE,단과 대학 또는 대학원
대학교,UNIV,UNIVERSITY,
대학수학능력시험,CSAT,THE COLLEGE SCHOLASTIC ABILITY TEST,
대학원,GRSC,GRADUATE SCHOOL,
대행,SUBTT,SUBSTITUTION,어떤 권한이나 직무를 대신하는 사람
대회,CNFRC, CONFERENCE,
데이터,DATA,DATA,
데이터베이스,DB,DATABASE,
도,PRVIN,PROVINCE,
도급,UNDTAK,UNDERTAKING,"당사자 가운데 한쪽이 어떤 일을 완성할 것을 약속하고, 상대편이 그 일의 결과에 대해서 일정한 보수를 지급하기로 하는 계약, 일정한 기간이나 시간 내에 끝내야 할 일의 양을 한데 맡기다"
도로,ROAD,ROAD,
도메인,DOMAIN,DOMAIN,
도면,DRWNG,DRAWING,
도비라용지,DBPP,DOBIRA PAPER,
도서,BOOK,BOOK,생각이나 사실을 글이나 그림 등으로 나타낸 종이를 겹쳐서 한데 꿰맨 물건
도서,ILND,ISLAND,
도서관,LIBRY,LIBRARY,
도수,FQCY,FREQUENCY,
도시,CITY,CITY,
도움,AID,AN ALLOWANCE; AID,
도움말,HLP,HELP,
도착,ARV,ARRIVAL,
독립,INDI,INDIVIDUAL,
독서,READ,READING,
독자,READER,READER,
독해,READ,READING,글을 읽어서 뜻을 이해함
독후감,IMPR,IMPRESSIONS OF A BOOK,
동,DONG,DONG,
동,VIL,VILLAGE,
동거,LITO,LIVE TOGETHER,
동계,WINT,WINTER,
동기,MOTV,MOTIVE,
동력,PWR,POWER,
동문,ALUM,ALUMNUS,
동산,MVAB,MOVABLE PROPERTY,
동승,RIDTGD,RIDING TOGETHER,
동승자,RIDTGDR,RIDING TOGETHER PERSONS,
동시,SYNC,SYNCHRONOUSNESS,
동아리,CIRC,CIRCLE,
동원,MOBI,MOBILIZATION,
동의,CONS,CONSENT,
동일,SAME,SAME,
동일성,IDENTITY,IDENTITY,
동적,DYNC,DYNAMIC,
동창,ALUM,ALUMNUS,
동창회,ALUM,ALUMNUS,같은 학교를 졸업한 사람들이 서로의 친목을 도모하거나 모교와의 연락을 유지하기 위하여 조직한 모임
동포,PEOP,PEOPLE,
동향,TREND,"A TENDENCY, A TREND, A MOVEMENT",
뒤,BACK,BACK,
듣기,LSTNG,LISTENG,
등급,GRD,GRADE,"신분, 품질, 값, 각종 평가 등의 높고 낮음, 좋고 나쁨을 여러 단계로 나누는 구분"
등기,REG,REGISTRATION,
등록,REG,REGISTRATION,허가나 인정을 받기 위해 단체나 기관 따위의 문서에 이름을 올림
등록금,TUIT,TUITION,
등록자,REGER,UNDEFINED,
등재,RECD,RECORD,
디렉토리,DIR,DIRECTORY,
디자인,DGN,DESIGN,
량,QTY,QUANTITY,수효와 분량을 아울러 이르는 말
레벨,LVL,LEVEL,사물의 가치나 질 따위의 기준이 되는 일정한 표준이나 정도.
레이아웃,LAYOUT,LAYOUT,"(책, 건물, 화면 등의) 배치"
레코드,RECORD,RECORD,레코드
레포트,RPRT,A REPORT,
로그,LOG,LOG,
로그아웃,LOGOUT,LOGOUT,
로그인,LOGIN,LOGIN,
료,AMT,AMOUNT,돈의 액수.
률,RATE,RATE,"일부 명사 뒤에 붙어, ‘전체 중의 비율’ 또는 ‘상대적인 비율’의 뜻을 더하여 명사를 만드는 말. "
리,RI,RI,
리더스,LDRS,LEADERS,
리더십,LEADER,LEADERSHIP,"무리를 다스리거나 이끌어 가는 지도자로서의 능력. ‘지도력’, ‘통솔력’으로 순화"
리스,LESE,LEASE,
리프트,LIFT,LIFT,
림,WDLAND,WOODLAND,
마감,CLS,CLOSING,어떤 일을 잘 다루어 끝을 맺음. 
마력,HRSPWR,HORSEPOWER,[馬力] 동력이나 단위 시간당 일의 양을 나타내는 실용 단위. 말 한 마리의 힘에 해당하는 일의 양이다. 1마력은 1초당 746줄(joule)에 해당하는 노동량으로 746와트의 전력에 해당한다. 기호는 hp. 
마스크비트,MSKBIT,MASK BITS,
마일,MILE,MILEAGE,
마일리지,MILE,MILEAGE,상품이나 카드의 사용 실적에 따라 주어지는 보너스 점수
마지막,LST,LAST,
만기,EXPR,EXPIRATION,정해진 기한이 다 참. 또는 그 기한. 
만료,EXPR,EXPIRATION,
만점,FMAK,FULL MARKS,
만족도,SATI_MESU,SATISFACTION MEASUREMENT,
말소,DEL,DELETE,
말하기,SPK,"SPEAKING
",
매각,SALE,SALE,"땅이나 주식 따위를 돈을 받고 남에게 넘김, 돈을 받고 넘기다"
매뉴얼,MANU,MANUAL,
매니저,MNGR,MANAGER,
매도,SELL,SELL,
매매,TRD,TRADING,
매수,SHTS,SHEETS,종이등의 장수
매입,BUY,BUY,
매장,STOR,STORE,
매체,MEDIUM,MEDIUM,
매출,SALE,SALE,매출이란 기업이 그 영업의 목적으로 하는 상품 등의 판매 또는 용역의 제공을 행하고 대가를 받음으로써 실현되는 수익(收益)을 말한다
맥박,PULSE,PULSATION,
맥어드레스,MADDR,MAC(MEDIA ACCESS CONTROL) ADDRESS,
맵핑,MAPNG,MAPPING,
머리,HDR,HEADER,
메뉴,MENU,MENU,
메모,MEMO,MEMO,
메모리,MEM,MEMORY,
메세지,MSG,MESSAGE,
메일,MAIL,MAIL,
멘토,MNTO,MENTOR,
멘토링,MNTR,MENTORING,
멘티,MNTE,MENTEE,
면,PAGE,PAGE,
면담,INTRV,INTERVIEW,
면세,EXMP_TAX,EXEMPTION FROM TAXATION,
면적,AREA,AREA,평면이나 구면이 차지하는 넓이의 크기
면접,INTRV,INTERVIEW,
면제,EXMP,EXEMPT,"책임이나 의무 따위를 면함, 지지 않게 하다"
면지,ENDPP,ENDPAPERS,
면허,LIC,LICENSE,
멸실,EXTIN,EXTINCTION,"화재나 지진 따위로 물품이나 가옥 따위가 그 효용을 상실할 정도로 파손됨, 화재, 지진 등으로 그 효용을 상실할 정도로 파손되다"
명,NM,NAME,"어떤 사물이나 단체를 다른 것과 구별하여 부르는 일정한 칭호, 하도록 말하다"
명단,LIST,LIST,어떤 일에 관계된 사람들의 이름을 적은 문서
명령,COMD,COMMAND,
명세,SPEC,SPECIFICATION,
명세서,SPEC,SPECIFICATION,
명예,HNR,HONOR,
명의,NOMN,NOMINAL,
명의자,NOMNR,A NOMINAL PERSON,
명일,TOMO,TOMORROW,
명일주요예정사항,TMEC,TOMORROW MAIN EXPECTATION CONTENT,
명칭,NM,NAME,
모,MOM,MOTHER,
모금,COLT,COLLECTION,
모니터링,MNTRG,MONITORING,
모델,MDL,MODEL,
모듈,MODL,MODULE,
모의,IMIT,IMITATE,
모임,MEETNG,MEETING,
모집,COLL,COLLECT,"조건에 맞는 사람이나 자금, 작품 따위를 널리 구하여 모음"
모집전형,SELT,SELECTION,
목,ITEM,ITEM,
목록,LIST,LIST,어떤 일에 관계된 사람들의 이름을 적은 문서
목요일,THU,THURSDAY,
목적,PURP,PURPOSE,이루려고 하는 일이나 방향
목적지,DEST,DESTINATION,
목차,CTNTBK,THE CONTENTS OF A BOOK,
목표,PURP,PURPOSE,이루려고 하는 일이나 방향
몫,ASSN,ASSIGNMENT,
몸무게,WGT,WEIGHT,
무게,WGT,WEIGHT,물건의 무거운 정도.
무급,UNPAID,"UNPAID, 




NONPAYMENT",
무기,ULMT,UNLIMITTED,
무료,FREE,FREE,
무상,FREE,FREE,
무선랜,WLAN,WIRELESS LAN,
무시험,NOEXM,NO EXAMINATION,
무시험검정,LWEX,LICENSE WITHOUT  EXAMINATION,
무용,DANCE,DANCE,
무자격,DQUAL,DISQUALIFICATION,
무효,INVLD,INVALIDITY,
문구,PHRS,PHRASE,
문서,DOC,DOCUMENT,[文書]글이나 기호 등으로 일정한 의사나 관념 또는 사상을 나타낸 것
문예,LITR,LITERATURE,
문의,QST,QUESTION,
문자,CHR,CHARACTER,
문제,PRBL,PROBLEM,
문항,PRBL,PROBLEM,서면상의 시험이나 설문 등에서 하나하나의 문제
문헌,LTTR,LITERATURE,
문화,CULT,CULTURE,
문화재,CULTAST,CUTURAL ASSETS,
물가배수,WTSD_DRNG,WATERSIDE DRAINAGE,
물류,DSTRB,DISTRIBUTION,"물적유통. 물품을, 적은 경비를 들여 신속하고 효율적으로 원하는 장소에 때를 맞추어 보낼 수 있도록 함"
물리,PHYSIC,PHYSICAL,
물품,GD,GOODS,어떤 용도에 필요하고 쓸모 있게 만들어진 물건
미,UN,UN,"UN, 未 , 부정을 나타내는 접두어"
미결정,PDNCY,PENDENCY,
미경과,UNPASS,UNPASS,
미납,UNPAID,"UNPAID, 




NONPAYMENT","세금, 공과금 따위를 정해진 기간이 지나도록 아직 내지 못함, 정해진 기간이 지나도록 아직 내지 못하다"
미달,LACK,LACK,
미디어,MEDIA,MEDIA,
미래,FUTR,FUTURE,
미만,LESS,LESS,
미배송,NOSHP,NOT SHIPPED,미배송
미배정,UNASSN,UN ASSIGNED,
미비,UPRPD,UNPREPAREDNESS,"준비가 안 된, 예상 못한"
미수,UNRCT,UNRECEIPT,
미술,ART,ART,
미졸,UNGRDT,NOT GRADUATE,
미출고,NORELS,NOT RELEASED,미출고
미팅,MEET,MEETING,
미필,UFSD,UNFINISHED,
미화,USD,US DOLLAR,미국의 화폐단위.
미흡,SHTG,SHORTAGE,
민방위,CIVILDEF,CIVIL DEFENSE,
민원,PETIT,PETITION,
바닥,FLR,FLOOR,
바코드,BARCD,BAR CODE,
박,STAY,STAY,
박사,PHD,DOCTOR OF PHILOSOPHY,
반,CLSS,CLASS,
반기,HFYY,HALF YEAR,
반납,RTN,RETURN,"도로 돌려주다, 빌리거나 받은 것을 도로 돌려줌"
반납자,RTNR,UNDEFINED,
반려,RECA,RECALL,
반려자,RECAR,UNDEFINED,
반복,REPT,REPEAT,
반송,RTN,RETURN,
반액,HFAMT,HALF AMOUNT,
반영,ADPT,ADOPTION,
반올림,ROUND,ROUNDING OFF TO THE NEAREST INTEGER,
반입,CRIN,CARRY IN,
반장,FOREM,FOREMAN,
반제,RTN,RETURN,
반출,CROT,CARRY OUT,
반출입,CRIO,CARRY IN/OUT,
반품,RTNGD,RETURNING GOODS,
반환,RET,RETURN,
발간,ISSU,ISSUE,
발급,ISSU,ISSUE,증명서 따위를 발행하여 줌. 
발령,OFORD,OFFICIAL ORDER,"임명, 해임 등 직책이나 직위와 관련된 공식적인 명령을 내림"
발령권,OFORD_AUTH,OFFICIAL ORDER AUTHORITY,
발명,INVT,INVENTION,
발생,OCCR,OCCUR,
발송,SEND,SENDING,"우편으로 보내다, 편지나 서류, 소포 등을 우편으로 보냄"
발신,SEND,SENDING,
발신인,ADSR,ADDRESSER,"우편, 전신 따위를 보내는 사람"
발신자,ADSR,ADDRESSER,
발의,PPS,PROPOSAL,"국회에서, 국회 의원이 회의에서 심의하고 토의할 안건을 제출함, <국회에서>논의하기 위해 내놓다"
발전,DEV,DEVELOP,
발주,ORDR,ORDER,물건을 보내 달라고 주문하다. 주로 공사나 용역 따위의 큰 규모의 거래에서 이루어진다
발표,ANUN,ANNOUNCEMENT,
발표자,PRSNTR,PRESENTER,
발표지,ANUN_JNL,ANNOUNCE JOUNAL,
발행,ISSU,ISSUE,
방문,VISIT,VISIT,
방문자,VISITR,VISITOR,
방법,MTHD,METHOD,목적을 달성하기 위해 취하는 방식이나 수단
방사선,RADI,RADIATION,
방산물품,DIPROD,DEFENSE INDUSTRY PRODUCT,
방식,MTHD,METHOD,목적을 달성하기 위해 취하는 방식이나 수단
방지,PRVNT,PREVENT,
방학,VACA,VACATION,
방향,DIRCT,DIRECTION,
배기,VNTL,VENTILATION,
배기량,DSCAPA,DISPLACEMENT CAPACITY,"[排氣量] 엔진 따위의 열기관에서,실린더 안의 피스톤이 맨 위에서 맨 아래까지 내려갈 때에 배출되는 기체의 양"
배달,DLV,DELIVERY,
배달처,DLVPL,DELIVERY PLACE,
배당,ALLOT,ALLOTMENT,
배부,DISTRB,SHARE,
배분,DISTRB,SHARE,
배상,REPRT,REPARATION,
배송,SHIP,SHIPPING,배송
배송기사,SHPDRV,SHIP DRIVER,배송기사
배송비용,SHPCST,SHIP COST,배송비용
배송처,SHPPLC,SHIP PLACE,배송처
배수,MLTPL,MULTIPLE,
배열,ARR,ARRAY,
배우자,WIFE,WIFE,
배율,MAGNIF,MAGNIFICATION,"렌즈나 거울, 현미경, 망원경 따위로 물체를 볼 때 생기는 물체의 크기와 실제 물체와의 크기 비율, 한시체의 하나"
배점,SCOR,SCORE,
배정,ASGN,ASSIGN,
배제,EXCP,EXCEPTION,
배지,BADGE,BADGE,"신분이나 명예, 직무를 나타내기 위하여 옷이나 모자 따위에 붙이는 표"
배출,SCCS,SUCCESSION,
백분,PCT,PERCENT,
백분위,PCTL,PERCENTILE ,
백분율,PCNT,PERCENT,
백업,BACKUP,BACKUP,
버스,BUS,BUS,
버전,VER,VERSION,
번,NO,NUMBER,
번식,PROPAG,PROPAGATION,
번역,TRAN,TRANSLATION,
번역문,TRSL,TRANSLATIONS,
번지,ADDR,ADDRESS,"사람이 살고 있는 곳이나 기관, 회사 따위가 자리잡고 있는 곳을 행정 구역으로 나타낸 것, 임금에게 글을 올리다"
번호,NO,NUMBER,차례를 나타내기 위해 매겨진 숫자
벌점,DMMRK,DEMERIT,
범위,RANGE,RANGE,
법원,COUR,COURT,
법인,CORP,CORPORATION,
법정,FLAW,FIX BY LAW,
벤쳐,VNTR,VENTURE,
벽,WALL,WALL,
변경,CHG,CHANGE,다르게 바꾸어 새롭게 고침
변경자,CHGPSN,CHANGE PERSON,변경자
변동,CHG,CHANGE,
변리사,PAT_ATT,A PATENT ATTORNEY,
변상,CMPS,COMPENSATION,
변환,MOD,CHANGE,
별,CLSF,CLASSIFICATION,
별칭,ALIAS,ALIAS,
병,ILL,ILLNESS,
병가,SCKLV,SICK LEAVE,
병과,MILBCH,MILITARY BRANCH,
병력,SICK,SICKNESS,
병무청,MILMP_ADM,THE OFFICE OF MILITARY MANPOWER ADMINISTRATION,
병사,SLDR,SOLDIER,
병역,MILSV,MILITARY SERVICE,
병원,HOSP,HOSPITAL,
병적,MLRG,MILITARY REGISTER,
보강,SUPP_LT,SUPPLEMENTARY LECTURE,
보고,RPRT,A REPORT,
보고서,RPRT,A REPORT,보고하는 글이나 문서. 
보관,CUTD,CUSTODY,
보기,DISP,DISPLAY,어떤 사실이나 현상을 설명해 주거나 증명해 주는 대표적인 것
보도,NEWS,NEWS,
보류,SPND,SUSPENTION,
보상,CMPS,COMPENSATION,"국가 또는 공공 단체가 적법한 행위에 의하여 국민이나 주민에게 가한 재산상의 손해나 손실을 보충하기 위하여 제공하는 대가, 남에게 진 빚이나 물건 또는 끼친 수고 등을 되갚음"
보수,REPA,REPAIR,
보수,SALY,SALARY,
보수자,REPAR,REPAIR PERSON,
보안,SCRTY,SECURITY,
보완,SUPP,SUPPLEMENT,
보유,POSS,POSSESS,
보유자,POSSR,POSSESS PERSON,
보육,CARE,CARE,
보장,GUAR,GUARANTEE,
보전,PRESRV,PRESERVATION,
보정,CORR,CORRECTION,
보조,ASSI,ASSISTANCE,
보조원,ASSTNT,ASSISTANT,
보조장,SUPBOOK,SUPPLIMENTARY BOOK,
보증,GRNT,GUARANTEE,
보증서,GRNT,GUARANTEE,
보증인,GUANTR,GUANTRTEE PERSON,
보직,MISS,MISSION,
보충,SUPP,SUPPLEMENT,"보태어 채우다, 모자라는 것을 보태어 채움"
보충역,RSVDTY,RESERVIST DUTY,
보험,INSU,INSURANCE,
보호,GUARD,GUARD,
보호자,GUARDIAN,GUARDIAN,
보훈,VA,VETERANS AFFAIRS,
복귀,CMBK,COMEBACK,
복리후생,WELF,WELFARE,기업이 종업원과 그 가족의 생활 수준을 향상시켜 근무의 효율성을 높이고자 임금 이외에 마련하는 여러 복지 정책
복명,RPTBK,REPORT BACK,
복무,PBSV,PUBLIC SERVICE,
복사,COPY,COPY,
복수,MULT,MULT,둘 이상의 수
복수전공,MULT_MJ,MULTI MAJOR,
복지,WELF,WELFARE,
복직,RESTT,REINSTATEMENT,
복학,RESH,RETURN TO SCHOOL,
복합,MIX,MIX,
본,MN,MAIN,
본관,FMORG,FAMILY ORGIN,
본교,MSCH,MAIN SCHOOL,
본문,TEXT,TEXT,
본봉,BSALY,BASIC SALARY,
본부,HDOFCE,HEAD OFFICE,
본예산,MBUDG,MAIN BUDGET,
본인,SLF,SELF,"어떤 일의 주체인 그 사람, 말하는 사람이 자기 스스로를 가리키는 말"
본적,FMADR,FAMILY ADDRESS,
볼륨,VOL,VOLUME,
봉급,SALY,SALARY,직장에서 계속 근무하는 사람이 그 일의 대가로 정기적으로 받는 일정한 돈
봉사,SRV,SERVICE,
봉사자,SERVT,SERVANT,
봉투,EVLP,ENVELOP,
부,FACT,A FACULTY,회사나 기타 사무 조직에서 업무 부서의 단위
부,FTHR,FATHER,
부,SUB,(PREFIX) ~ UNDER,
부가,ADD,ADDITION,
부가세,SURTAX,SUPERTAX,
부과,IMPS,IMPOSE,
부과세,TAX,TAX,
부금,INME,AN INSTALLMENT,
부기,BOOKKP,BOOKKEEPING,
부녀자,WOMN,FEMALE,
부담,BUDEN,BURDEN,
부담금,PNFE,PRINCIPLE EXPENSES,
부대,FORC,FORCE,
부대비용,EXTR_EXPS,EXTRA EXPENSE,
부동산,REAL_EST,REAL ESTATE,
부모,PARENT,PARENTS,
부문,FLD,FIELD,
부분,PRTL,PARTIAL,전체를 몇 개로 나눈 것의 하나
부서,DEPT,DEPARTMENT,"기관이나 기업, 조직 따위에서, 여러 갈래로 나누어진 사무의 한 부분"
부설,SUB,(PREFIX) ~ UNDER,
부속,AFF,AFFILIATION,
부속품,ACSY,ACCESSORY,
부수,NCS,NUMBER OF COPIES,
부식,SDSH,SIDE DISH,
부양,SPRT,SUPPORT,"스스로의 생활 능력이 없는 사람의 생활을 돌봄, 생활하도록 돌보다

"
부업,SDJB,SIDE JOB,
부여,GV,GIVE,"가지거나 지니게 하여 줌, 가지거나 지니도록 주어지다

"
부임,OFORD,OFFICIAL ORDER,
부적격자,DISQ,DISQUALIFIED,
부전공,MI,MINOR,
부정,NOT,NOT,
부제,SUBTTL,SUBTITLE,"책이나 논문 따위의 표제에 덧붙여서 내용을 한정하거나 보충하는 제목, 전체를 몇 부분으로 나누어 운영하는 제도"
부제목,SUBTTL,SUBTITLE,
부족,SHTG,SHORTAGE,"필요한 수량보다 적거나 모자라는 상태이다, 일정한 정도나 양에 이르지 못함"
부지,LAND,LAND,
부직,PTJOB,PARTTIME JOB,
부처,FACT,A FACULTY,
부합,COINCD,COINCIDENCE,
부호,SMB,SYMBOL,[符號]어떠한 뜻을 나타내기 위하여 정한 기호
분,MINT,MINUTE,"1시간을 60으로 나눈 단위.
60초 가 1분이 됨."
분개,JNL,JOURNALIZING,
분기,QTR,QUARTER,[分期]일 년을 4등분 한 3개월씩의 기간. 
분납,PRTL,PARTIAL,
분대,SQUD,A SQUAD,
분류,CLSF,CLASSIFICATION,
분리,DIVID,DIVIDED,
분모,DNMN,DENOMINATOR,
분반,DCLSS,DEVIDED CLASS,
분배,DISTRB,SHARE, 생산 과정에 참여한 개개인이 생산물을 사회적 법칙에 따라서 나누는 일.
분산,DPS,DISPERSION,
분석,ANALYSIS,ANALYSIS,
분실,LOSS,LOSS,
분야,FLD,FIELD, 여러 갈래로 나누어진 범위나 부분.
분임,DIVISN,DIVSION,
분자,NMRT,NUMERATOR,
분포,DISTRB,SHARE,
분할,DIVID,DIVIDED,나누어 쪼갬.
불,UN,UN,
불가,IMPB,IMPOSSIBLE,
불능,INCAP,INCAPABILITY,
불량,INFER,INFERIORITY,물건 따위의 품질이나 상태가 나쁨
불용,DISUSE,DISUSE,
불용자원,USRE,USELESS RESOURCE,
불입,PAY,PAY,
불참,ABSN,ABSENCE,
불합격자,DISQ,DISQUALIFIED,
브라우저,BRWS,BROWSER,
블랙리스트,BLST,BLACKLIST,
비,AMT,AMOUNT,돈의 액수.
비고,REMK,REMARK,"[備考]문서 따위에서, 그 내용에 참고가 될 만한 사항을 보충하여 적는 것. 또는 그 사항."
비과세,NOTAX,NON-TAXABLE ,
비교,COMP,COMPARE,
비목,ITEM,ITEM,
비밀번호,PWD,PASSWORD,"비밀을 유지하기 위하여 당사자끼리만 알 수 있도록 꾸민 부호나 신호, 사용자로부터 시스템이나 데이터 파일을 이용할 수 있는 권리를 확인하기 위하여 쓰는 비밀 부호."
비상,EMR,EMERGENCY,
비상근,PTIME,PART TIMR,
비슷함,SIM,SIMILARITY,
비용,COST,COST,비용
비위,VIOL,VIOLATION,
비율,RATE,RATE,"일부 명사 뒤에 붙어, ‘전체 중의 비율’ 또는 ‘상대적인 비율’의 뜻을 더하여 명사를 만드는 말. "
비율,RATE,RATE,
비자,VISA,VISA,외국인에 대한 출입국 허가를 증명하는 여권의 배서
비정상,ABNML,ABNORMAL,
비축,RESV,RESERVE,
비품,GD,GOODS,
빈도,FREQ,FREQUENCY,[頻度]어떤 일이 되풀이되는 정도나 횟수
빌딩,BD,BUILDING,
빔프로젝터,BMPT,BEAM PROJECTOR,
빼기,SUBTRA,SUBTRACTION,
사,CO,COMPANY,
사건,EVENT,EVENT,
사고,ACDT,ACCIDENT,
사람,PSN,PERSON,"지역이나 단체를 나타내는 명사 뒤에 쓰여, 그 지역이나 단체 출신임을 나타내는 사람."
사람수,RCNT,NUMBER OF PERSONS,단체를 이루고 있는 사람들. 또는 그 수효.
사랑,LOVE,LOVE,
사면,EXMP,EXEMPT,
사무소,OFCE,OFFICE,
사무실,OFCE,OFFICE,
사범,EDU,EDUCATIONAL,
사범대생,COESTD,STUDENT OF COLLEGE OF EDUCATION,
사양,SPEC,SPECIFICATION,
사업,BIZ,BUSINESS,"주로 생산과 영리를 목적으로 지속하는 계획적인 경제 활동, 생산과 영리를 목적으로 계획적인 경제 활동을 하다"
사업자,BIZR,BUSINESS MAN,
사업자등록번호,BIZNO,BUSINESS NUMBER,사업체를 표시하거나 상거래시 사용되는 사업체 고유번호.
사업화,CMZTN, COMMERCIALIZATION,
사용,USE,USE,"어떤 목적이나 기능에 맞게 필요로 하거나 소용이 되는 곳에 쓰다, 사물을 필요로 하거나 소용이 되는 곳에 씀"
사용자,USER,USER,
사용자정의,USR_DEF,USER DEFINED,
사원,EMP,Employee,
사유,RESN,REASON,[事由]어떤 일을 그렇게 하게 된 이유나 까닭 
사정,SCRN,SCREENING,
사증,VISA,VISA,
사진,PHT,PHOTO,
사학,PSCH,PRIVATE SCHOOL,
사항,CTNT,CONTENT,물품이나 금액 따위의 내용
사회,SOC,SOCIETY,
사회교육,SOC_EDU,SOCIAL EDUCATION,
사회유력인사,POTNT,POTENTATE,
사회저명인사,EMNTPSN,"EMINANT PERSON
",
삭제,DEL,DELETE,"기록이나 문헌 따위에서 지우거나 없애다, 기록이나 문헌 따위에서 지워져 없어지다"
산,MT,MOUNTAIN,
산업,IDST,INDUSTRY,인간이 생계를 유지하기 위하여 일상적으로 종사하는 생산적(生産的) 활동.
산재보험,OHSINS,OCCUPATIONAL HEALTH AND SAFETY INSURANCE ,
산출,CAL,CALCULATION,"계산해 내다, 계산해 냄"
산출물,OUTPT,OUTPUT,
산학,INAC,INDUSTRY AND ACADEMIC,
상,TOP,TOP,
상각,DEPR,DEPRECIATION,토지를 제외한 고정 자산에 생기는 가치의 소모를 결산기마다 계산하여 그 자산의 가격을 감소해 나가는 회계상의 절차
상공,BIZ,BUSINESS,
상근,FULTIME,FULL TIME,
상담,CNSL,COUNSEL,"어떤 일을 서로 의논하거나 그 방면의 전문가에게 의뢰함, 서로 의논하거나 그 방면의 전문가에게 의뢰하다"
상담역,CNSLOR, COUNSELOR,
상담자,CNSLTR,CONSULTOR,
상당,EQVT,EQUIVALENT,
상대,RELE,RELATIVE,
상대평가,RELE_APPR,UNDEFINED,
상반기,FRST_HF,FIRST HALF ,
상벌,ARD,AWARD," 상을 줌과 벌을 줌, 잘한 것에 상을 주고 잘못한 것에 벌을 주다"
상세,DETA,DETAIL,
상속,INHRT,INHERIT,
상수도,WATERWOKS,WATERWORKS,
상시,ORDY,ORDINARY TIMES,
상실,LOSS,LOSS,
상여,BONUS,BONUS,
상용화,COMMRZ,COMMERTIALIZED,
상위,UP,UP,
상응,RESPD,RESPONDENCE ,
상이,WOUN,WOUN,
상자,BOX,BOX,
상장,PRIZE,PRIZE,
상점,AWSCOR,AWARD SCORE,
상점,SHOP,SHOP,
상조회,MTL_AID,MUTUAL AID,
상태,ST,STATUS,
상패,MEDAL,MEDAL,
상표,BRND,BRAND,
상품,PRDT,PRODUCT,
상하행,GO_UPDN,GOING UP/DOWN,
상한,UPP,UPPER,
상해,INJR,INJURY,
상호,FIRM,FIRM NAME,
상환,RFND,REFUND,
상황,APPE,APPEARANCE,[狀況]어떤 일이나 현상 따위가 이루어지거나 처해 있는 일정한 때의 모습이나 형편
색맹,CBLD,COLOR BLIND,
색인,IDX,INDEX,
생,STD,STUDENT,
생계,LIV,LIVING,
생년월일,BIRTH_DT,BIRTH DAY,태어난 해와 달과 날.
생물,BIO,BIOLOGICAL,
생산,PROD,PRODUCTION,
생성,CREA,CREATE,
생성자,CRTR,CREATER,사물을 생겨나게 한 사람
생일,BIRTH_DT,BIRTH DAY,태어난 해와 달과 날.
생존,EXIST,EXISTENCE,"죽지 않고 살아 있음, 죽지 않고 끝까지 살아남다"
생활,LIF,LIFE,
서,DOC,DOCUMENT,글이나 기호 등으로 일정한 의사나 관념 또는 사상을 나타낸 것
서류,DOC,DOCUMENT,
서명,SIGN,SIGNATURE,[書名]행위자가 자기의 동일성을 표시하고 책임을 분명하게 하기 위하여 문서 따위에 자기의 이름을 써넣음
서버,SERVER,SERVER,
서브넷마스크,SUBNMSK,SUBNET MASK,
서비스,SVC,SERVICE,"재화를 생산하지는 않으나 그것을 운반, 배급, 판매하거나 생산과 소비에 필요한 노무를 제공하는 일"
서술,STMT,STATEMENT,
서식,FORM,FORM,"증서, 원서, 신고서 따위와 같은 서류를 꾸미는 일정한 방식. "
서약서,PRDOC," A WRITTEN PROMISE, DOCUMENT FOR PROMISE.",
서지,BGPY,A BIBLIOGRAPHY,
석박사,MDADOP,MASTER DEGREE AND DOCTOR OF PHILOSOPHY,석사와 박사 통합과정
석사,MASTER,MASTER,
석식,DINR,DINNER,
석차,RANK,RANKING,차례나 순서를 나타내는 위치나 지위
선,PRE,PREFIX,
선거,ELCT,ELCT,
선급,PREPAID,PREPAYMENT,물건의 값이나 품삯을 미리 치름
선납,PREPAID,PREPAYMENT,
선물,GIFT,GIFT,
선박,SHIP,SHIPMENT,
선발,SLT,SELECTION,
선배,SENIOR,SENIOR,
선불,PREPAY,PREPAY,
선수,PLAYER,PLAYER,
선수,PRE,PREFIX,
선적,SHIP,SHIPMENT,배에 짐을 실음
선정,CHOICE,CHOICE,
선지급,PREPAID,PREPAYMENT,
선착순,FCFS,FIRST-COME-FIRST-SERVED BASIS,
선취득과목,PRE ACQ SBJT,UNDEFINED,
선택,CHOICE,CHOICE,여럿 가운데서 골라 뽑음
선행,PRE,PREFIX,
설강,OPENLECT,OPEN LECTURE,
설계,DGN,DESIGN,"계획을 세움, 목적에 따라 실제적인 계획을 세우고 짜다"
설립,FONDT,FOUNDATION,"기관이나 조직체 따위를 새로 만들어 세움, 새로 만들어 세우다"
설명,DESCT,DESCRIPTION,"[說明]잘 알 수 있도록 밝혀서 말하다, 어떤 일의 내용이나 이유 따위를 상대편이 잘 알 수 있도록 밝혀 말함"
설문,SURVEY,UNDEFINED,
설문지,SVYSHT,SURVEY SHEET,
설비,EQM,EQUIPMENT,
설정,SETP,SETUP,
설치,SETP,SETUP,"마련하여 갖추다, 어떤 일을 하는 데 필요한 기계나 설비, 건물 따위를 마련하여 갖춤"
성,CHARTR,CHARACTER,
성격,CHARTR,CHARACTER,각 개인이 지닌 특유한 성질이나 품성
성공,SUCCSS,SUCCESS,
성과,RSLT,RESULT,
성능,ABL,ABILITY,
성명,NM,NAME,
성별,GEN,GENDER,
성분,ELEM,ELEMENT,
성수기,HIDMSSN,A HIGH-DEMAND SEASON,
성인,ADLT,ADULT,
성장,GRTH,UNDEFINED,
성적,MRKS,MARKS,
성취,ACHIV,ACHIVEMENT,"목적한 바를 이루어 냄, 제대로 이루어지다"
성취도,ACHIV,ACHIVEMENT,
세관,CSTMS,CUSTOMS,
세금,TAX,"TAXATION BUSINESS, TAX AFFAIRS",[稅金]국가나 지방 단체가 필요한 경비를 충당하기 위해서 국민으로부터 거두어들이는 돈
세금액,TAXAMT,TAX AMOUNT,세금액
세기,CENT,CENTURY,
세대,GENE,GENERATION,
세대주,HOUSEHOLDER,A HOUSEHOLDER,
세로,VERT,VERTICAL,
세목,SB,SUB ACCOUNT,
세무,TAX,TAX,
세무서,TAXOFCE,A TAX OFFICE,
세미나,SEMI,SEMINA,
세부,DETA,DETAIL,
세세목,SBIZ,SUB BUSINESS SEQ,
세세항,SBBS,SUB BISUNESS SECTION,
세액,TAX,"TAXATION BUSINESS, TAX AFFAIRS",국가나 지방 단체가 필요한 경비를 충당하기 위해서 국민으로부터 거두어들이는 돈
세액공제,TXDUC,TAX DEDUCTION,
세율,TRATE,TAX RATE,
세항,SBS,SUB SECTION,
센터,CENTR,CENTER,센터
셑,SET,SET,
소,SM,SMALL,
소개,INTRO,INTRODUCTION,
소견,OPIN,OPINION,
소계,SBTT,SUBTOTAL,
소급,RTRO,RETROACTION,
소대,PLAT,A PLATOON,
소득,EARN,EARNING,
소득세,EITAX,THE EARNED INCOME TAX,
소득세법,ITXLW,INCOME TAX LAW,
소득자,EARNR,EARNER,
소멸,EXTIN,EXTINCTION,
소멸금액,DESTAMT,DESTAMT,
소모품,CONGD,GOODS FOR CONSUME ,
소분류,SCLSF,SMALL CODE,
소속,POSI,"DEPARTMENT, POSITION","어떤 조직체나 부류에 딸림, 딸리게 되다"
소송,SUIT,SUIT,
소수,MNR,MINORITY,
소스,SRC,SOURCE,
소액,SMAMT,SMALL AMOUNT,
소요,ND,NEED,
소위원회,SMCMTT,SMALL COMMITTEE,
소유,OWN,OWNERSHIP,"자기 것으로 가짐, 자기 것으로 가지다"
소유자,OWNR,OWNER,
소재지,LOCA,LOCATION,
소집,ASSE,ASSEMBLY,
소프트웨어,SW,SOFTWARE,
소화기,FIREEXT,EXTINGUISHER,
속성,ATTR,ATTRIBUTE,데이터의 가장 작은 논리적 단위. 그 자체만으로는 중요한 의미를 가지지 못하며 단독으로 존재하기 어려운 특성을 갖는다. 일반적으로 실체(ENTITY)에 대한 식별자로서 실체에 관한 서술적 정보
손망실,LOSS,LOSS,
손실,LOSS,LOSS,
손익,PFLS,PROFIT AND LOSS,
송금,RMTNCE,"REMIT MONEY,",
송부,SEND,SENDING,
송신,SEND,SENDING,
송신자,SNDR,영어,
쇄,PRINT,PRINTING,
수,CNT,COUNT,일이나 사건 따위의 가짓수
수강,TLSN,TAKING A LESSON,
수강생,TLSNR,"A TRAINEE, A PERSON PRESENT AT A LECTURE CLASS",TAKING A LESSON
수강자,TLSNR,"A TRAINEE, A PERSON PRESENT AT A LECTURE CLASS",
수거,TAKE AWAY,TKAWY,"[收去] 거두어 감
"
수금,RECPT,RECEIPT,
수기,MANU,MANUAL,
수납,ACPT,ACCEPTANCE,
수능,SCHABLT,SCHOLASTIC ABILITY,
수당,ALLOW,AN ALLOWANCE,
수도,WAWRK,WATER WORKS,
수량,CNT,COUNT,"낱낱의 수, 개수"
수령,ACCPT,ACCEPTANCE,
수령자,RCTPSN,RECEIPT PERSON,수령자
수료,CETE,COMPLETE,
수리,MATH,MATHEMATICS,
수리,REPA,REPAIR,건물이나 물건 따위의 고장나거나 허름한 데를 손보아 고침
수명,LIFE,LIFE TIME,
수목,TREE,TREE,
수발,RCVSND,RECEIVE SEND,
수상,PRIZE,PRIZE,
수석,HEAD,THE HEAD(CHEIF),
수수료,CMSN,COMMISSION,
수술,OPER,OPERATION,
수습,TRNG,TRAINING,
수시,OFTEN,OFTEN,
수신,RECP,THE RECEIPT OF A MESSAGE,우편이나 전보 따위의 통신을 받음. 또는 그런 일.
수신자,RECPR,RECEPTOR,
수업,LSN,LESSON,
수여,ARD,AWARD,
수여자,ARDR,AWARDER,
수요,DMND,DEMAND,
수요일,WED,WEDNESDAY,
수용,ADMT,ADMITTED,"그대로 들어주다, 남의 요청이나 제안 따위를 받아들여서 자기 것으로 삼음"
수익,PROFIT,PROFIT,
수입,INC,INCOME,
수정,MOD,CHANGE,수정
수정자,MODER,MODIFY PERSON,
수준,LVL,LEVEL,
수증,RECPT,RECEIPT,
수증자,RECPTR,UNDEFINED,
수축,SHRK,SHRINKING,
수취,RECP,THE RECEIPT OF A MESSAGE,
수탁,TRUST,TRUST,
수퍼,SUPER,SUPER,
수학,LRN,LEARNING,학문을 배우거나 수업을 받음. 
수학,MATH,MATHEMATICS,수와 양 및 공간의 성질에 관하여 연구하는 학문
수행,CAOT,CARRY OUT,
수험,EXAM,EXAMINATION,
수험생,EXAM_TKR,EXAM TAKER,
수험표,EXMSHT,EXAMINATION SHEET,
수혜,BNFT,BENEFIT,혜택을 입음
숙박,HTCG,HOTEL CHARGES,
숙직,NGHTY,NIGHT DUTY,
순,PURE,PURE,
순번,SEQ,SEQUENCE,[順番]순서대로 매겨지는 번호
순서,ORD,ORDER,[順序]정해진 기준에 따라 여럿을 선후로 구분하여 나열한 것
순서,ORD,ORDER,정해진 기준에 따라 여럿을 선후로 구분하여 나열한 것
순수,PURE,PURE,
순위,RANK,RANKING,차례나 순서를 나타내는 위치나 지위
숫자,NMRL,NUMERAL,
스캔,SCAN,SCAN,
스크랩,SCRAP,SCRAP,
스탭,STAFF,STAFF,
슬로건,SLOG,SLOGAN,
습득,ACQ,ACQUISITION,
승강기,ELEV,ELEVATOR,
승격,PRMT,PROMOTION,
승계,SUCC,SUCCESSION,"선임자나 선대의 업적, 유산, 전통 따위를 뒤이어 물려받음"
승급,PRMT,PROMOTION,
승용,RIDG,UNDEFINED,
승인,ACCP,ACCEPT,
승인자,ACCPR,UNDEFINED,
승진,PRMT,PROMOTION,
승차,RIDE,RIDE,차에 올라탐
시,SI,,
시가,MPRC,MARKET PRICE,
시각,HOUR,HOUR,[時刻]흐르는 시간상의 한 순간
시각,VSL,VISUAL,
시간,TM,TIME,"[時間]과거, 현재, 미래로 이어져 머무름이 없이 일정한 빠르기로 무한히 연속되는 흐름"
시간표,TM_TBL,A TIME TABLE,일정한 시간의 배당을 적어넣은 표
시공,COSTRT,CONSTRUCTION,
시군구,CDS,"ADMINISTRATION CITY, DISTRICT, SECTION",
시기,SHTM,SCHOOL TERM,
시도,AREA,AREA,
시디키,CDKEY,CD KEY,
시력,SGHT,SIGHT,
시뮬레이션,SIMUL,SIMULATION,
시민,CTZN,CITIZEN,
시분,HMINT,HOUR AND MINUTE,특정 시각과 분을 지칭
시상,AWRD,AWARD,
시설,INST,INSTITUTION,설비나 장치 따위를 차려놓거나 일정한 구조물을 만듦
시설물,INST,INSTITUTION,
시수,MHOUR,MAN HOUR,
시스템,SYSTEM,SYSTEM,"외부로부터의 힘에 의해 동작하는 일련의 자동 기계 장치, 어떤 목적을 위하여 체계적으로 짜서 이룬 조직이나 제도"
시외,SURB,SUBURBS,
시작,FR,FROM,처음으로 행하거나 쉬었다가 다시 행하다
시장,MKT,MARCKET,
시장성,MKTBLT,MARKETABILITY,
시점,PTM,POINT OF TIME,
시정,CORR,CORRECTION,"잘못된 것을 바로잡음, 제대로 바로잡히다"
시청,WTCH,WATCH,
시행,PERF,PERFORM,
시험,EXAM,EXAMINATION,"지식이나 재능, 실력 따위를 일정한 절차에 따라 알아보고 평가함, 실제로 검사하고 평가하다"
시효,VALD,VALID,
식,FMLA,FOMULA,
식,FOOD,FOOD,
식당,CAFE,A CAFETERIA,
식별,DSTSH,DISTINGUISH,
식별번호,ID,IDENTIFICATION NUMBER,
식사,FOOD,FOOD,
신,NEW,NEW,
신고,RPRT,A REPORT,
신고서,RPRT,A REPORT,
신규,NEW,NEW,새로이 어떤 일을 함
신규화,NEWLY,NEWLY,
신도,BLV,BELIEVER,
신문,PAPER,PAPER,
신문기자,PRES_MAN,A PRESS MAN,
신분,STTS,STATUS,
신분증,IDCARD,ID CARD,
신상,PERS,PERSONAL,
신설,OPEN,OPEN,
신앙,FAITH,FAITH,
신용공제회,CREDIT_UNION,UNDEFINED,
신용카드,CREDIT_CARD,CREDIT CARD,
신원,IDTY,IDENTITY,
신임,NEW,NEW,
신입생,NEW_STD,NEW STUDENT,
신입학생,NEW_STD,NEW STUDENT,신입생
신장,HGHT,HEIGHT,높은 정도.
신청,REQ,REQUEST,
신청서,APLDOC,APPLY DOCUMENT,
신청자,APLYT,APPLYANT,
신체,BODY,BODY,
신탁,TRST,TRUST,일정한 목적에 따라 재산의 관리와 처분을 남에게 맡기는 일. 
신호,SIGNL,SIGNAL,
실기,PRAC,PRACTICAL,
실무,BUSI,BUSINESS,실제적이고 구체적인 업무
실무자,BUSI,BUSINESS,
실사,INVEST,INVESTIGATION,
실습,PRAC,PRACTICAL,이론으로 배운 것을 실제로 직접 경험해 보면서 익힘
실시,RUN,RUN,
실업,UNEM,UNEMPLOYMENT,
실적,RSLT,RESULT,
실적물,RSLTS,RESULTS,
실점,SCOR,SCORE,
실행,RUN,RUN,이론이나 규범 및 신념 따위를 실제의 행동으로 옮김
실행로그,EXECLOG,EXECLOG,
실험,EXPRM,EXPERIMENT,
심도,DEP,DEPTH,
심사,SCRN,"DELIBERATION, CONSIDERATION, REVIEW","[審査]어떤 기준에 따라 자세히 조사하여 합격 여부나 타당성, 적법성 여부 따위를 가림"
심사자,SCRNGR,SCREEINER,
심의,SCRN,SCREENING,
심판,JUDT,JUDGMENT,
심화,DEEP,DEEPING,
쓰기,WRTNG,WRITNG,
아동,CHRN,CHILD,
아래,SUB,(PREFIX) ~ UNDER,
아버지,FTHR,FATHER,"자신에게 혈통을 직접 이어 준 남자를 가리키거나 부르는 말, 자식을 둔 남자를 자식과 관련하여 가리키거나 부르는 말"
아이디,ID,IDENTIFICATION NUMBER,
아침,MORNG,MORNING,
악기,INSTMT,A MUSICAL INSTRUMENT,
안,IN,IN,
안건,MTR,MATTERS,
안내,GUIDC,GUIDANCE,
안전,SAF,SAFETY,
암호,CRYPT,CRYPTOGRAM,"비밀을 유지하기 위하여 당사자끼리만 알 수 있도록 꾸민 부호나 신호, 사용자로부터 시스템이나 데이터 파일을 이용할 수 있는 권리를 확인하기 위하여 쓰는 비밀 부호.
비밀번호"
압력,PRSS,PRESSURE,
압류,SEIZ,SEIZURE,
액,AMT,AMOUNT,돈의 액수.
액면,FACE,FACE,
액세서리,ACSY,ACCESSORY,
앨범,ALBM,ALBUM,
야간,NGHT,NIGHT,
야식,MSNACK,MIDNIGHT SNACK ,
약력,BFHT,A BRIEF (PERSONAL) HISTORY,
약명,ABBNM,ABBREVIATED NAME,
약속,APPO,APPOINTMENT,
약어,ABB,ABBREVIATED,긴 명칭을 짧게 줄임.
약정,AGR,AGREEMENT,"약속하여 정함,"
약칭,ABB,ABBREVIATED,
약품,DRUG,DRUGS,
양,QTY,QUANTITY,수효와 분량을 아울러 이르는 말
양력음력,LUSO,LUNAR,
양수,RECPT,RECEIPT,
양식,SHT,SHEET,겉으로 드러나 있는 일정한 모양이나 형식
양여,TRANS,TRANSFER,
양육비,BREXPS,THE EXPENSE[COST] OF BRINGING UP A CHILD,
양적,QUANTIV,QUANTITATIVE,
어,WORD,WORD,
어디서,WHERE,WHERE,
어린이,CHRN,CHILD,"어린이, 아이, 아동"
어머니,MOM,MOTHER,자기를 낳은 여성을 가리키거나 부르는 말
어음,NOTE,NOTE,일정한 시기에 일정한 장소에서 일정한 금액을 지불하겠다고 약속한 유가 증권
어제,PREVDAY,PREVIOUS DAY,
어학,LANG,LANGUAGE,
언론,SPCH,SPEECH,
언론사,SPCHCO,SPEECH COMPANY,
언어,LANG,LANGUAGE,"인간의 사상이나 감정을 표현하고, 의사를 소통하기 위한 소리나 문자 따위의 수단"
언제,WHEN,WHEN,
엄마,MOM,MOTHER,
업로드,UPLOAD,UPLOAD,
업무,BUSS,BUSINESS,
업적,ACHV,ACHIEVEMENTS,
업종,BIZTP,BUSINESS TYPE,영업이나 직업의 종류
업체,CO,COMPANY,
업태,WKTP,WORK TYPE,
에너지,ENERGY,ENERGY,
에프터서비스,AS,AFTER SERVICE,
엑셀,EXCEL,EXCEL,
엘리트,ELITE,ELITE,
여,WOMN,FEMALE,
여과,FILT,FILTER,
여권,PSPT,PASSPORT,
여부,YN,YES OR NO,있음과 없음
여비,TREXPS,TRAVELING EXPENSES,
여석,RCAPA,REMAINED CAPACITY,
여성,WOMN,WOMAN,"성(性)의 측면에서 여자를 이르는 말. 특히, 성년成年이 된 여자를 이른다."
여학생,GRSTD,GIRL STUDENT,
여행,TRIP,TRIP,
역,IVS,INVERSE,
역,STAT,STATION,기차가 발착하는 곳.
역량,ABTY,ABLITY,
역종,MILKD,MILITARY KIND,
역할,ROLE,ROLE,
연,YY,YEAR,
연가,YRLV,YEARLY LEAVE,
연간,ANN,AN ANNUAL,"한 해 동안,"
연결,CONN,CONNECT, 어떤 대상을 다른 대상과 서로 이어서 맺음
연계,CONN,CONNECT,
연구,RECH,RESEARCH,
연구비,RSAMT,RESEARCH AMOUNT,
연구소,LAB,LABORATORY,어떤 대상에 대한 연구를 전문적으로 하는 기관
연구실,LAB,LABORATORY,
연구원,RECHER,RESEARCHER,연구에 종사하는 사람
연구자,RECHER,RESEARCHER,
연금,PENS,PENSION,
연금저축,PNSV,PENSION SAVINGS,
연기,PSTP,"POSTPONEMENT,",
연도,YY,YEAR,일정한 기간 단위로서의 그해.
연락,COCT,"CONNECTION, CONTACT",
연락처,CNTINFO,CONTACT INFORMATION,연락하기 위한 전화번호
연령,AGE,AGE,[年齡]사람이나 생물이 나서 살아온 햇수
연료,FUEL,FUEL,
연말,YEND,YEAR-END,
연면적,TTAR,TOTAL AREA,
연번,SRNUM,SERIAL NUMBER,
연보,ANRPRT,AN ANNUAL REPORT,
연봉,YSALY,AN ANNUAL[A YEARLY] SALARY,
연봉제,YSALY_BS,YEARLY SALARY BASE,
연비,FUELEFY,FUEL EFFICIENCY,
연속,CNTI,CONTINUITY,끊이지 않고 죽 이어지거나 지속함
연수,STDTR,STUDY AND TRAINING,
연수,YRCNT,YEAR COUNT,년수
연식,MDLYR,MODEL YEAR,"[年式]  기계류, 특히 자동차를 만든 해에 따라 구분하는 방식."
연월,YYMM,YEAR MONTH,
연월일,YYMMDD,YEAR MONTH DAY,
연장,EXTNS,EXTENTION,
연차,ANNLV,ANNUALY,
연차,YRCNT,YEAR COUNT,(年次) 1. 나이의 차례.  2. 햇수의 차례. 
연체,DELY,DELAY,이행해야 할 채무나 납세 따위를 정해진 기한이 지나도록 지체함
연합,LG,LEAGUE,
연혁,HIST,HISTORY,
열,COL,COLUMN,
열람,INSP,INSPECTION,
영구,ETER,ETERNITY,
영리,PROFIT,PROFIT,
영문,ENG,ENGLISH,영문자
영선,BLDRPR,BUILDING AND REPAIRS,
영수,RECPT,RECEIPT,
영수인,RECIP,RECIPIENT,
영수증,RECPT,RECEIPT,돈이나 물품 따위를 받은 사실을 표시하는 증서
영어,ENG,ENGLISH,
영업,BIZ,BUSINESS,
영역,FLD,FIELD,
영유아,BABY,BABY,
영화,MOV,MOVIE,
예,XMPL,EXAMPLE,
예과,PRE_SUST,A PREPARATORY COURSE,
예금,DEPO,DEPOSIT,
예금주,DEPOTR,DEPOSITOR,
예능,ACPM,ACCOMPLISHMENTS,
예비,PREPA,PREPARATION,
예비교육,OT,ORIENTATION,"전문적인 교육을 받기 전에, 그에 대한 이해를 돕기 위해 관련 지식을 미리 가르치는 일"
예비군,RESFORCE,RESERVE FORCE,
예비비,SPAMT,SPARE AMOUNT,
예산,BUDG,BUDGET,
예상,EXPC,EXPECTATION,앞으로 일어날 일을 미리 헤아려 봄
예수,WHOLD,WITHHOLD,
예약,RESER,RESERVATION,미리 약속함. 또는 미리 정한 약속
예외,EXCP,EXCEPTION,
예우,HNTRMT,HONORABLE TREATMENT,
예정,EXPC,EXPECTATION,미리 정하거나 예상함
예치,RESV,RESERVE, 돈이나 물건 따위를 금융 기관 따위에 맡겨 둠
오디오,AUDIO,AUDIO,
오류,ERR,ERROR,
오리엔테이션,OT,ORIENTATION,
오전,AM,AM,
오픈,OPEN,OPEN,
오후,PM,"PM, AFTER NOON",
옥내,INDOR,INDOORS,
옥외,OTDOR,OUTDOORS,
온도,TEMP,TEMPERATURE,동물체가 가지고 있는 온도. 체내에서 물질대사의 산화 과정 결과 발생하여 몸의 표면으로 방출된다.
옵션,OPT,OPTION,
완공,CMPLT,COMPLETION,
완납,FULPAID,FULL PAYMENT,
완독,CLSREAD,CLOSE READING,
완료,CLS,CLOSING,
완성도,LVLEX,LEVEL OF  COMPLETION,
외,OUT,OUT,
외국,FRN,FOREIGN COUNTRY,
외국납부,FRNPAI,FOREIGN PAID,
외국어,FRN_LANG,FOREIGN LANGUAGE,
외국어시험,FLN_EXAM,FOREIGN LANGUAGE EXAM,
외국인,FOREIGNER,FOREIGNER,
외국인등록번호,FOR_RES_NO,FOREIGNER RESIDENT NUMBER,
외근,WORKOUT,WORKS OUTSIDE,
외래,FORE,FOREIGN,
외부,OTSD,OUTSIDE,
외부인,OTSDR,OUTSIDER,
외상,CRT,ON CREDIT,
외양,APPRC,APPEARANCE,
외자,FOFU,FOREIGN FUND,
외화,FRGN_EXCHG,EXCHANGE,
외환,FRGN_EXCHG,EXCHANGE,
요강,REQM,REQUIRMENT,
요건,COND,CONDITION,
요구,DMND,DEMAND,"필요하다고 바라거나 요청하다,"
요금,FEE,FEE,"[料金]대가로 치르는 돈,"
요금,FEE,FEE,"대가로 치르는 돈,"
요목,PRITEM,"PRINCIPAL ITEMS,",
요소,ELEM,ELEMENT,어떤 사물을 구성하거나 효력을 발생시키기 위하여 없어서는 안 될 근본적인 조건이나 성분
요약,SMRY,SUMMARY,
요양,RECU,RECUPERATION,
요율,RATE,RATE,"일부 명사 뒤에 붙어, ‘전체 중의 비율’ 또는 ‘상대적인 비율’의 뜻을 더하여 명사를 만드는 말. "
요일,DAY,DAY,[曜日]일주일의 각 날을 나타내는 말
요청,DMND,DEMAND,
요청자,DMNDR, DEMANDER,
용,USE,USE,
용도,USE,USE,
용량,CAPA,CAPACITY,"[容量] 1.가구나 그릇 같은 데 들어갈 수 있는 분량.
2.<물리>어떤 물질이 일정한 상태에서 가질 수 있는 에너지의 양 또는 전기의 양.
3.<컴퓨터>저장할 수 있는 정보의 양."
용어,TMNLGY,TERMINOLOGY,
용역,SVC,SERVICE,
용이,EASE,EASY,
용지,SHEET,SHEET,
우,RT,RIGHT,오른쪽
우대,PREF,PREFERENCE,
우등,HONOR,HONOR,
우등/경고,HNWRN,HONOR OR WARNNING,
우리,WE,OUR,"[대명사]
1 말하는 이가 자기와 듣는 이, 또는 자기와 듣는 이를 포함한 여러 사람을 가리키는 일인칭 대명사."
우리사주,OSC,OUR COMPANY STOCK,
우선,PREF,PREFERENCE,다른 것에 앞서 특별히 대우함
우수,EXCL,EXCELLENT,여럿 가운데 뛰어남.
우천시,RAIN,RAINNING,
우측,RT,RIGHT,
우편,ZIP,ZIP CODE,
우편물,POST,POST,
우편번호,ZIP,ZIP CODE,"郵便番號
 우편물을 분류하는 작업의 능률 향상을 위해 지역별로 정해 놓은 고유 번호"
운동,ATHLE,ATHLETICS,
운영,MNGT,MANAGEMENT,어떤 조직이나 그 조직의 일을 목적에 맞게 이끌어 경영
운용,USE,USE,
운임,FEE,FEE,
운전,DRIV,DRIVING,"기계나 자동차, 수레 따위를 움직여 부림, 움직여 굴리다"
운전자,DRIVR,DRIVER,
운행,DRIV,DRIVING,
워크숍,WKSHP,WORKSHOP,
원,MEMB,MEMBER,"지역이나 단체를 나타내는 명사 뒤에 쓰여, 그 지역이나 단체 출신임을 나타내는 사람."
원,ORG,ORIGINAL,진짜의
원가,COST,COST,
원격,REMT,REMOTE,
원고,MNSCR,A MANUSCRIPT ,
원고,PLAINTF,PLAINTIFF,
원고지,MNSCRPP,MANUSCRIPT PAPER,
원금,PRINSUM,THE PRINCIPAL SUM,
원래,ORG,ORIGINAL,
원리금,PIA,PRICIPAL AND INTEREST AMOUNT,
원문,ORGTXT,ORIGINAL TEXT,[原文] (베끼거나 번역한 것에 대하여) 본디의 글을 이르는 말. 본문
원본,ORGWRK,ORIGINAL WORK,번역하거나 복사한 책에 대한 그 본래의 책
원부,ORGWRK,ORIGINAL WORK,번역하거나 복사한 책에 대한 그 본래의 책
원산,ORGWRK,ORIGINAL WORK,번역하거나 복사한 책에 대한 그 본래의 책
원산,ORG_PROD,THE ORIGIN OF A PRODUCT,
원서,ORGW,THE ORIGINAL (WORK),번역하거나 복사한 책에 대한 그 본래의 책
원어,ORGLANG,ORIGINAL LANGUAGE,번역하거나 고친 말의 본디 말.
원인,CAUS,CAUSE,[原因]어떤 사물이나 상태보다 먼저 존재하여 그것을 발생시키거나 변화시키는 일이나 사건
원인,CAUS,CAUSE,
원장,LEGR,A LEDGER,
원적,ORADR,ORIGINAL ADDRESS,
원적지,ORADR,ORIGINAL ADDRESS,원적지 주소
원천,WTHL,WITHHOLDING,
원천세,WHTAX,A WITHHOLDING (TAX) ,
원천징수,WTHL,WITHHOLDING,
원화,WONCR,WON CURRENCY ,
월,MM,MONTH,"[月]월, 한달"
월별,CBYMM,CLASSIFIED BY MONTH,
월세,MNRT,MONTHLY RENT,
월수,MMCNT,MONTH COUNT,달 수
월요일,MON,MONDAY,
월일,MMDD,MONTH DAY,달과 해를 아울러 이르는 말.
월일,MMDD,MONTH DAY,달과 해를 아울러 이르는 말.
웹,WEB,WEBSITE,
위도,LAT,LATITUDE,"[緯度] 경도(經度)와 함께 지구상에 있는 지점의 위치를 나타내기 위하여 만든 좌표. 적도에서 남북으로 잰 가거리. 적도를 0도로 하여 남북 각각 90도에 이르며, 북으로 잰 것이 북위, 남으로 잰 것이 남위임.
"
위로,CMFT,COMFORT,
위반,VIOL,VIOLATION,"법이나 약속 따위를 어기거나 지키지 않음, 어기거나 지키지 않다"
위원,MEMB,MEMBER,
위원회,CMTT,COMMITTEE,
위임,TRUST,TRUST,
위촉,CHARG,CHARGE,
위치,LOC,LOCATION,
위탁,TRUST,TRUST,
위험,RISK,RISK,
위험물,RISK,RISK,
윈도우,WDW,A WINDOW,
유가,VLABL,"VALUABLENESS, HAVING A FIXED PRICE ",
유급,ACPROB,ACADEMIC PROBATION,
유도,INDCTN,INDUCTION,
유력자,POTNT,POTENTATE,
유무,YN,YES OR NO,있음과 없음
유사,SIM,SIMILARITY,
유상,CMPS,COMPENSATION,
유연근무,SWK,SUPPLE WORK,
유예,DELY,DELAY,
유즈케이스,UC,USECASE,
유지,MATE,MAINTENANCE,
유지보수,MATE,MAINTENANCE,
유학,STAB,STUDY ABROAD,
유형,TYP,TYPE,성질이나 특징 따위가 공통적인 것끼리 묶은 하나의 틀. 또는 그 틀에 속하는 것
유효,VALD,VALID,
육성,REAR,REARING,
육아,INFC,INFANT CARE,
율,RATE,RATE,"일부 명사 뒤에 붙어, ‘전체 중의 비율’ 또는 ‘상대적인 비율’의 뜻을 더하여 명사를 만드는 말. "
융자,FINC,FINANCING,
은행,BANK,BANK,
음악,MUSIC,MUSIC,
음양,LUSO,LUNAR,
읍면,TWN,TOWN,
읍면동,TWNVIL,TOWNS VILLAGES,
응답,RPLY,REPLY,
응시,APPLEXAM,APPLY FOR AN EXAMINATION,
응용,ADPT,ADOPTION,
의견,OPIN,OPINION,
의결,DETM,DETERMINE,
의과,MDEPT,MEDICAL DEPARTMENT,
의과대학,MEDICOLE,MEDICAL COLLEGE,
의대,MEDICOLE,MEDICAL COLLEGE,
의뢰,TRST,TRUST,
의뢰인,CLNT,CLIENT,
의뢰자,CLNT,CLIENT,
의료,MEDI,MEDICAL EXAMINATION,
의료비,HFE,HUMAN EXPENSE,
의무자,OBLIR,AN OBLIGATOR,
의사,DOCTOR,DOCTOR,
의식,CERE,CEREMONY,
의존,DEPNDC,DEPENDENCE,남에게 의지하여 있음
의존도,DEPNDC,DEPENDENCE,
의학,MECI,MEDICINE,
이관,TRANS,TRANSFER,
이내,WTN,WITHIN,
이내자내역,WPC,WITHIN CONTENT,
이념,IDEAL,IDEAL,
이동,MV,A MOVE,
이력,HIST,HISTORY,
이력서,RESUME,RESUME,
이론,THEO,THEORY,
이름,NM,NAME,
이메일,EMAIL,EMAIL,컴퓨터의 단말기 이용자끼리 통신 회선을 이용하여 주고받는 편지
이미,ALD,ALREADY,
이미지,IMG,IMAGE,
이벤트,EVENT,EVENT,매우 중요하거나 흥미를 끄는 경기나 행사
이사,MV,A MOVE,
이사장,CDIR,THE CHIEF DIRECTOR,
이상,INFER,INFERIORITY,
이상,OVR,OVER,
이수,CPTN,COMPLETION,
이완,RELAX,"RELAXATION,",
이용자,USER,USER,
이월,CYOV,CARRY OVER,
이유,RESN,REASON,
이의,DIFF,DIFFERENCE,
이익,PROFIT,PROFIT,
이자,ITT,INTEREST,
이전,BF,BEFORE,
이전,TRNSF,TRANSFE,
이중,DUP,DUPLICATE,
이체,TRANS,TRANSFER,
이하,BLW,BELOW,
이해,UNDR,UNDERSTAND,
이후,AF,AFTER,
익년도,NXYY,NEXT YEAR,
인,PSN,PERSON,"지역이나 단체를 나타내는 명사 뒤에 쓰여, 그 지역이나 단체 출신임을 나타내는 사람."
인가,CONF,CONFIRM,
인간,HUMAN,HUMAN,
인건비,LABCOST,LABOR COSTS,
인계,SUCC,SUCCESSION,
인계자,SUCCR,UNDEFINED,
인도,DLV,DELIVERY,
인문,HUMN,HUMN,
인부,LABORR,LABORER,
인브리딩,INBR,INBRIDING,
인사,PSNMNG,PERSONNEL MANAGEMENT,
인사관리,PSNMNG,PERSONNEL MANAGEMENT,
인상,RAIS,RAISE,
인성,HUSM,HUMANISM,
인성검사,HUMTST,HUMAN INSTINCT TEST,
인세,RYT,ROYALTY,
인센티브,INCN,INCENTIVE,
인쇄,PRINT,PRINTING,
인수,TK,TAKE,
인수자,TKR,UNDEFINED,
인용,QTAT,QUOTATION,
인원,RCNT,THE NUMBER OF PERSONS,
인원수,RCNT,NUMBER OF PERSONS,단체를 이루고 있는 사람들. 또는 그 수효.
인적,HUM,HUMAN,
인정,DETM,DETERMINE,
인증,VLD,VALIDATION,
인증서,CERTI,CERTIFICATION,
인터넷,INET,INTERNET,
인터뷰,INTV,INTERVIEW,
인턴,INTN,INTERN,
인턴쉽,INTRNS,INTERNSHIP,인턴사원 근무 (기간)
인하,DISCNT,DISCOUNT,
일,DD,DAY,하루 동안.
일간지,NEWSPP,NEWS PAPER,
일괄,BATCH,BATCH,
일련번호,SRNUM,SERIAL NUMBER,
일반,GENRL,GENERAL,
일반선택,EGS,ELECTIVE GENERAL SUBJECT,특별한 일부에 한정되지 않고 일반적인 교과목
일수,DCNT,DAY COUNT,날의 수.
일숙직,ONTDT,ONE NIGHT DUTY,
일시,DTTM,DATE TIME,날짜와 시간을 아울러 이르는 말.
일요일,SUN,SUNDAY,
일용,DAILY,DAILY,
일자,DT,DATE,일정한 일을 하는 데 걸리는 날의 수.
일정,SCHE,SCHEDULE,
일정표,TM_TBL,A TIME TABLE,
일지,DIARY,A DIARY,
일직,DDTY,DAY DUTY,
일치,ACCRD,ACCORD,
일할,BTDD,BY THE DAY,
일회,ONCE,ONCE,
읽기,RDNG,READING,
잃다,LOST,LOST,
임,TMP,,
임금,SALY,SALARY,
임기,TERM,TERM,
임대,RNTL,RENTAL,
임면,APP_DIS, APPOINT AND DISMISS,
임상,CLINIC,CLINICAL,
임야,WDLAND,WOODLAND,"측량·수로조사 및 지적에 관한 법률에 따른 지목의 종류 중 하나로 산림 및 들판을 이루고 있는 숲, 습지, 황무지 등의 토지를 말한다. "
임용,EMPL,EMPLOYMENT,
임원,DRTR,DIRECTOR,
임의,OPT,OPTION,
임차,LESE,LEASE,
입고,IST,IN STORE,
입관,ETRSD,ENTER RESIDENCE,
입국,ENCO, ENTER A COUNTRY,
입금,RCIPT,RECEIPT ,
입대,ENST,ENLIST,
입력,INPT,INPUT,
입력자,INPTR,UNDEFINED,
입목죽,STDTREE,STANDING TREE,
입방,CUBE,CUBE,
입사,JOIN_CO,JOIN THE COMPANY,
입상,PRIZ,PRIZ,
입시,ENEXAM,ENTRANCE EXAMINATION,
입실,CHKIN,CHECK IN,
입양,CHDADPT,CHILD ADOPTION,
입영,ENST,ENLIST,
입원,HSPLZ,HOSPITALIZATION,
입찰,BID,BID,
입찰설명회,BDFAIR,BID FAIR,
입출,IO,IN OUT,
입학,ENTR,ENTRANCE,
입학사정관,ADMS_OFCR,ADMISSIONS OFFICER,
입회,ADMSS,ADMISSION,
자,PSN,PERSON,"지역이나 단체를 나타내는 명사 뒤에 쓰여, 그 지역이나 단체 출신임을 나타내는 사람."
자가,SLF,SELF,
자가용,OWNCAR,A PRIVATELY-OWNED CAR,
자격,QUAL,QUALITY,
자격증,LIC,LICENSE,
자금,TRSR,TREASURY,
자기,SELF,SELF,
자녀,CHILD,CHILDREN,
자녀양육,BRED,BREED CHILDREN,
자동,AUTO,AUTO,
자료,DATA,DATA,
자릿수,CIPR,CIPR,
자매결연,SISHOD,SISTERHOOD,
자본,CPTL,CAPITAL,
자산,ASST,ASSET,
자연,NATU,NATURE,
자원,RES,RESOURCE,
자유,FREE,FREE,
자재,RSC,RESOURCE,
자체,INT,INTERNAL,
자치단체,SGVC,A SELF-GOVERNING COMMUNITY,
자치회,CONCL,COUNCIL,
자타,ONOT,ONESELF AND OTHERS,
자택,PRVT_HOME,PRIVATE HOME,
자퇴,LEAV,LEAVE,
작가,WRTR,WRITER,
작문,WRITE,WRITING,
작성,DRWUP,DRAWING UP,
작성자,DRWUPR,UNDEFINED,
작업,WK,WORK,
작업자,WKR,A WORKER,
작전,OPR,OPERATION,
작품,PRDT,PRODUCT,
잔고,REMA,REMAIN,
잔액,BALN,BALANCE,[殘額]쓰고 남은 돈의 액수
잔여,REST,REST,
잔존,SURV,SURVIVAL,
잠재,LATNC,"LATENCY, POTENTIALITY",
잡,PT,PETTY (EXPENSES),
잡매거진,JBMGN,JOB MAGAZINE,
잡지,MGZ,MAGAZINE,
장,CHAP,CHAPTER,
장,MNGR,MANAGER,
장기,LNTM,LONG TERM,
장단기,LSTM,LONG/SHORT TERM,
장려,ENC,ENCOURAGEMENT,
장례,FUNE,FUNERAL,
장례비,FNAMT,FUNERAL AMOUNT,
장부,BOOK,BOOK,
장비,EQM,EQUIPMENT,
장소,PL,PLACE,어떤 일이 이루어지거나 일어나는 곳
장애,HIND,HINDRANCE,
장애인,HANDICAP,THE PHYSICALLY HANDICAPPED(PERSON),
장점,STRNTH,STRENGTH,장점
장치,EQM,EQUIPMENT,
장학,SCAL,SCHOLARSHIP,
재,RE,RE,다시
재고,STC,STOCK,창고에 있는 물건. 재고품
재단,FND,FOUNDATION,
재료,MAT,MATERIAL,
재무,FINCL,FINANCIAL,
재물,PROP,PROPERTY,
재발급,RISSU,RE ISSUE,
재산,PROP,PROPERTY,
재심,NWTRL,NEW TRIAL,
재원,FNRE,FINANCIAL RESOURCE,
재임,INOFC,BEING IN OFFICE,
재적,ENROL,ENROLLMENT,
재직,HOOF,HOLDING OFFICE,
재평위,NWTRAPCM,NEW TRIAL APPRAISAL COMMITEE,
재하,STCK,STOCK,
재학,HOSH,HOLDING SCHOOL,
재형,PRT,PROPERTY,
재화,PROP,PROPERTY,
저널,JRNL,JOURNAL,
저녁,EVENG,EVENING,
저당,MOG,MORTGAGE,
저명학술지,JRNL,JOURNAL,
저서,BOOK,BOOK,
저술,WRITE,WRITING,
저자,AUTH,AUTHOR,
저작권,CPRT,COPYRIGHT ,
저작권자,CPRTR,UNDEFINED,
저장,SAVE,SAVE,
저촉,CONFLI,CONFLICT,
저축,SAV,SAVINGS,
적부,FTNS,FITNESS,
적부심사위원,SCRN_COMM,SCREENING  COMMITTEEMAN,
적성,APTTD,APTITUDE,
적요,SMRY,SUMMARY,
적용,ADPT,ADOPTION,
적재,LD,LOAD,
적합,FIT,FIT,
전,BF,BEFORE,
전공,MJ,MAJOR,
전공선택,ESFM,ELECTIVE SUBJECT FOR MAJOR,어느 한 분야를 전문적으로 연구하는데 선택적인 요소
전공필수,RSFM,REQUISITE SUBJECT FOR MAJOR,어느 한 분야를 전문적으로 연구하는데 꼭 필요한 요소
전과,CSUST,CHANGE SUBJECT OF STUDY,
전근무지,BSIT,BEFORE SITE,
전기,BIOGRP,BIOGRAPHY,
전기,EL,ELECTRICAL,
전기말,EFHY,END OF THE FISRT HALF YEAR,
전달,DLV,DELIVERY,
전담,FLCHG,FULL CHARGE,
전력,ELPWR,ELECTRIC POWER,
전류,AMMET,AMMETER,
전망,PRSP,PROSPECT,
전문,SPT,SPECIALTY,
전문가,SPLST,SPECIALIST,
전반,CCLSS,CHANGE OF CLASS,
전보,TRANS,TRANSFER,
전산,CMPR,COMPUTER,
전송,SEND,SENDING,
전신환,TTR,"TELEGRAPH TRANSFER RATE, TELEGRAPH MONEY ORDER",
전압,VOLT,VOLTAGE,
전액,FUL,FULL,
전역,DCMI,DISCHARGE FROM MILITARY SERVICE,
전용,DVRS,DIVERSION,
전원,PWR,POWER,
전월,PRVMM,PREVIOUS MONTH,
전일,PREVDAY,PREVIOUS DAY,
전임,FLTM,FULL-TIME,
전입,MVIN,MOVING IN,
전자,EL,ELECTRICAL,
전자계산서,EBILL,ELECTRONIC BILL,
전자메일,EMAIL,EMAIL,
전자우편,EMAIL,EMAIL,
전자칠판,ELBKBD,ELECTRONIC BLACKBOARD,
전집,CPTWK,COMPLETE WORKS,
전체,TT,TOTAL,
전출,MVOT,MOVING OUT,
전출입,MVIO,MOVING IN  OUT,
전투,CMBT,COMBAT,
전표,SLIP,SLIP,
전학,CHCOL,CHANGE OF COLLEGE,
전형,SELT,SELECTION,사람의 됨됨이나 재능 따위를 가려서 뽑음
전화,TEL,TELEPHONE,전화기로 말을 주고받는 일
전화기,TEL,TELEPHONE,
전화번호,TELNO,TELEPHONE NUMBER,가입된 전화마다 매겨져 있는 일정한 번호.
전환,CHG,CHANGE,
전후기,BFAF,BEFORE AFTER,
절반,HF,HALF,
절차,PROC,"PROCESS, PROCEDURE",
점,SCOR,SCORE,
점검,CHCK,CHECK,
점수,SCOR,SCORE,성적을 나타내는 숫자.
점심,LUNCH,LUNCH,
점유,OCCPTN,OCCUPATION,
접근,ACCES,ACCESS,
접두사,PRE,PREFIX,
접미사,SUF,SUFFIX,
접속,CONN,CONNECT,
접수,RECV,RECEIVE,
접수자,RECVR,UNDEFINED,
정,MA,MAIN,
정가,PRC,THE PRICE,
정규,REGU,REGULARITY,
정규직,RGJOB,REGULAR JOB ,
정근,RGWK,REGULAR[GOOD] ATTENDANCE,
정기,FIX,FIXED,
정년,ALMT,RETIREMENT AGE,
정답,ANSR,ANSWER,
정당,PTY,PARTY,
정도,GRD,GRADE,
정량,FQTY,A FIXED QUANTITY,
정량정성,QUEM,QUANTITATIVE AND EMOTIONAL,
정렬,SORT,SORT,
정리,ARNG,ARRANGE,
정보,INFO,INFORMATION,관찰이나 측정을 통하여 수집한 자료를 실제 문제에 도움이 될 수 있도록 정리한 지식 또는 그 자료
정보화기기,INFMCHN,INFORMATION MACHINE,
정부,GVRNT,GOVERNMENT,
정비,REPA,REPAIR,
정산,SETT,SETTLEMENT,
정상,NOR,NORMAL,
정시,NOR,NORMAL,
정신,SPRT,SPRIT,정신
정액,PRC,THE PRICE,
정원,CAPA,CAPACITY,[定員] 특정 분야의 인원에 대하여 정해 놓은 범위
정의,DEF,DEFINITION,
정적,STATIC,STATIC,
정정,MOD,MODIFY,
정지,STOP,STOP,
정치,POLITICS,POLITICS,
제,YNBRO,YOUNGER BROTHER,
제1,PRIM,PRIME,
제2,SECOND,SECOND,
제공,PRFR,PROFFER,
제대,DCMI,DISCHARGE FROM MILITARY SERVICE,
제목,TTL,TITLE,"[題目]작품이나 저작, 강연 등에서 그 내용을 보이거나 대표하기 위하여 붙이는 이름"
제본,BOOKBD,BOOKBINDING,
제시,PPS,PROPOSAL,
제안,PPS,PROPOSAL,
제약,COND,CONDITION,
제언,PPS,PROPOSAL,
제외,EXCP,EXCEPTION,
제작,MAKE,MAKE,
제적,REMV,REMOVAL,
제조,MAKE,MAKE,
제청,RCMD,RECOMMEND,
제출,SUBM,SUBMIT,
제출자,SUBMR,UNDEFINED,
제품,PRDT,PRODUCT,
제한,LMT,LIMIT,
조,PARA,PARAGRAPH,
조건,COND,CONDITION,
조경,LNDSC,LANDSCAPE,
조교,ASSTCR,ASSISTANT TEACHER,
조기,EALY,EARLY,
조달,SUPP,SUPPLEMENT,
조림,AFRSTN,AFFORESTION,
조모,GRNMOM,GRANDMOTHER,
조부,GRNFA,GRANDFATHER,
조사,INVEST,INVESTIGATION,
조서,PROT,PROTOCOL,
조성,FRMT,FORMATION,
조세특례법,TSLL,TAX SPECIAL LIMIT LAW,
조세특례제한법,TSLL,TAX SPECIAL LIMIT LAW,
조식,BRFT,BREAKFAST,
조정,ADJ,ADJUST,
조직,FORMA,ORGANIZATION,
조치,DISPO,DISPOSAL,
조퇴,LEV,LEAVING WORK EARLY,
조판,CPST,COMPOSITION,
조합,SOCT,A SOCIETY,
조형,ARTI,ARTIFICIAL,
조회,INQ,INQUIRY,
존속,CNTI,CONTINUITY,
존재,EXIST,EXISTENCE,
졸업,GRDT,GRADUATION,
종강,ENOSH,END OF SCHOOL,
종결,FNSH,FINISH,
종교,RELI,RELIGION,
종료,TO,TO,
종류,KND,KIND,
종목,EVNT,EVENT,
종별,CLSF,CLASSIFICATION,
종속,SUB,(PREFIX) ~ UNDER,
종업원,EMP,EMP,
종이,PP,PAPER,
종파,REL_SECT,SECT OF RELIGION,
종합,GNR,GENERALIZATION,
좌,LF,LEFT,
좌석,SEAT,SEAT,
좌측,LF,LEFT,
주,MA,MAIN,
주,WEK,WEEK,
주간,DAYTM,DAYTIME,
주거,HSNG,HOUSING,
주관,MNGT,MANAGEMENT,
주관식,SBJTV,SUBJECTIVE,
주관적,SBJTV,SUBJECTIVE,
주기,PERD,PERIOD,
주둔,STNG,STATIONING,
주례,OFFI,OFFICIATING,
주말,WEK_END,WEEK END,
주문,ORDER,ORDER,주문
주문신청,ORD_APLY,ORDER APPLY,
주문자,ORD_PSN,ORDER PERSON,
주민,RESDNT,RESIDENT,
주민등록번호,RES_NO,RESIDENT NUMBER,"주민 등록을 할 때에, 국가에서 국민에게 부여하는 고유 번호."
주민번호,RES_NO,RESIDENT NO,
주민세,IHTAX,INHABITANTS TAX ,
주변,SURDNGS,SURROUNDINGS ,
주석,CMMT,COMMENT,
주소,ADDR,ADDRESS,"사람이 살고 있는 곳이나 기관, 회사 따위가 자리잡고 있는 곳을 행정 구역으로 나타낸 것, 임금에게 글을 올리다"
주식,PRPFD,PRINCIPAL FOOD,
주식,STCS,STOCKS,
주야,DAN,DAY AND NIGHT,
주요,MA,MAIN,
주임,MNGR,MANAGER,
주입,INJE,INJECT,
주제,THEME,THEME,
주차,PRKNG,PARKING,
주체자,HOST,HOST,주체자
주최,SPSHIP,SPONSORSHIP,
주택,HOUS,HOUSE,
주택마련저축,HSSV,HOUSE SAVINGS,
주택자금,HSFND,HOUSE FUND,
주파수,FREQU,FREQUENCY,
주행,DRIV,DRIVING,
준공,CMPLT,COMPLETION,
준비,PREP,PREPARE,
준비물,PREPS,PREPARATION,
줄,LN,LINE,
줄임,SHRT,SHORT,
중,DURI,DURING,
중,MID,MIDDLE,
중간,MID,MIDDLE,
중간고사,MEXM,MIDDLE EXAMINATION,
중기,MIDTM,MIDDLE TERM,
중대,SQUA,SQUADRON,"군대 편성 단위의 하나. 소대의 위, 대대의 아래이다"
중량,WGT,WEIGHT,
중복,DUP,DUPLICATE,
중복공제,DPDD,DUPLICATION DEDUCTION,
중분류,MCLSF,MIDDLE CODE,
중식,LNCH,LUNCH,
중앙,CEN,CENTER,
중요,MAIN,MAIN,
중장비,HEAVY_EQUIP,HEAVY EQUIPMENT,
중점,MAIN,MAIN,
중지,STOP,STOP,하던일을 중도에서 그만 둠
중핵,CORE,THE CORE,
증가,INCR,INCREASE,
증감,INDE,INCREASE & DECREASE,
증권,SEC,SECURITIES,
증명,CERTE,CERTIFICATE,
증명서,CERT,CERT,
증명서발급번호,CERT_ISSUE_NO,UNDEFINED,
증빙,PROOF,PROOF,
증상,SYMPT,SYMPTOMS,
증서,DED,DEED,
증액,INCR,INCREASE,
증정,PRST,PRESENT,
증축,ENLARG,ENLARGEMENT,
지,PL,장소(PLACE),
지가,LANDPRC,THE PRICE[VALUE] OF LAND,
지각,LATE,LATENESS,
지급,PAY,PAY,
지도,GUID,GUIDANCE,"가르침,예)지도편달."
지도,MAP,MAP,
지도교수,ADVR,AN ADVISER,지도교수
지로,GIRO,GIRO,
지망,DESR,DESIRE,
지목,LASE,LAND PURPOSE,
지방,LOCL,LOCALITY,
지배인,MNGR,MANAGER,
지번,LADR,LAND ADDRESS,
지병,DISS,CHRONIC DISEASE,
지분,OWN,OWNERSHIP,
지불,PYMT,PAYMENT,지불
지붕,ROOF,ROOF,
지상,OVGR,OVER GROUND,
지수,INDEX,INDEX,인덱스
지시,INDICA,INDICATION,
지식,KNLG,KNOWLEDGE,
지역,LCAL,LOCAL,일정하게 구획된 어느 범위의 토지
지역,STT,SITE,
지연,DELAY,DELAY,
지원,APLY,APPLY,
지원,SUPP,SUPPLEMENT,
지원자,APLIER,APPLIER,
지적,ACR,ACRE,"땅 넓이의 단위를 나타내는 말, 1에이커는 대략 4, 047제곱미터이며 기호는 ac이다"
지점,BRAN,BRANCH,
지정,APNT,APPOINTMENT,
지질,QTPP,THE QUALITY OF PAPER ,
지청,BRAN,BRANCH,
지체,DELY,DELAY,
지체상금,DLYPNLT,"DELAY PENALTY
",
지출,EXP,EXPENSE,
지침,GUID,GUIDANCE,
지표,INDEX,INDEX,인덱스
지하,UNGR,UNDERGROUND,
직,POSI,"DEPARTMENT, POSITION",
직군,WKPG,WORK POSITION GROUP ,
직급,WKGD,WORK GRADE,
직렬,WKSP,WORK SPECIES,
직류,WKPART,WORK PART,곧은 흐름.
직무,DUTY,DUTY,
직불,DEBIT,DEBIT,
직업,JOB,JOB,
직열,WKROW,WORK ROW,
직원,EMP,EMP,
직위,WKPO,WORK POSITION,
직장,WKPL,WORK PLACE,
직전,BF,BEFORE,없는 단어
직접비,DRCST,DIRECTR COST,
직종,BIZTP,BUSINESS TYPE,
직책,WKDTY,WORK DUTIES,
진급,PRMT,PROMOTION,
진단,DIAG,DIAGNOSIS,
진도,PRGRE,PROGRESS,
진로,COURSE,COURSE,
진료,MEDI,MEDICAL EXAMINATION,
진보,PROG,PROGRESS,
진입,ENTR,ENTRANCE,
진품,TRGD,TRUE GOODS,
진학,ENTR,ENTRANCE,
진행,PROG,PROGRESS,
진흥,PRMT,PROMOTION,
질문,QST,QUESTION,
질병,DSS,DISEASE,
질의,QST,QUESTION,
질적,QUALTIV,QUALITY,
집,HOME,HOME,
집중,CNCTR,CONCENTRATION,集中 한군데로 모이거나 한군데로 모음
집필,WRITE,WRITING,
집합,GATH,GATHER,
집행,EXEC,EXECUTION,
징계,PNSH,PURNISH,
징수,COLT,COLLECTION,
쪽,PAGE,PAGE,
차,CAR,CAR,
차,ORD,ORDER,
차감,SBTR,SUBTRACTION,"서로 견주어서 덜어 내다, "
차관,DBT,DEBT,
차기,NXT,NEXT,
차대번호,VIN,VEHICLE IDENTIFICATION NUMBER,"자동차의 bonet안에 크로스멤버나 대시패널부에 그 자동차마다 이름표와 같은 차대번호(Vehicle Identification Numer)판이 부착되어 있다. 차량번호, 차량식별번호라고도 하는 이것은 차량의 도난방지와 차량 결함을 추척하기 위한 일종의 꼬리표다."
차량,CAR,CAR,
차변,DR,DEBIT,
차수,SEQ,SEQUENCE,순서대로 매겨지는 번호
차이,DIFF,DIFFERENCE,
차인,SBTR,SUBTRACTION,
차입,LOAN,LOAN,
차입금,LOAMT,LOAN AMOUNT,
차종,CAR_MDL,CAR MODEL,
착공,BGN,BEGINNING,
착수,BGN,BEGINNING,
착신,RCPT,RECEIPT,
참가,ATNDC,ATTENDANCE,
참가자,ATNDCR,ATTENDANCER,
참고,REF,REFERENCE,
참석,ATNDC,ATTENDANCE,
참석자,ATNDCR,ATTENDANCER,
참여,PARTICI,PARTICIPATION,
참여자,PARTICIR,UNDEFINED,
참조,REF,REFERENCE,
창간,LAUN,LAUNCH,
창구,WDW,A WINDOW,
창설,FONDT,FOUNDATION,
창원,CHWON,CHANG WON,창원
창의성,CRTV,CREATIVITY,
창작,CRE,CREATION,
채권,BOND,BOND,
채납,ADMT,ADMITTED,
채널,CHNL,CHANNEL,채널
채번,ORDL,ORDINAL,
채용,EMPL,EMPLOYMENT,
채점,MRK,MARKING,
채점자,SCRER,SCORER,
책상,DESK,DESK,
책임,DUTY,DUTY,
책임감,RSPS,REPONSIBILITY,
책임자,DUTYR,A PERSON IN DUTY,
책정,FIXNG,FIXING,
처,FACT,A FACULTY,
처,PL,장소(PLACE),
처리,TRET,TREATMENT,
처방,PRESCR,PRESCRIPTION,
처분,TRET,TREATMENT,
처우,TRET,TREATMENT,
처치,TRT,TREAT,
천정,ZENITH,ZENITH,
철도,RAIL,RAILROAD,
첨부,ATCH,ATTACH,안건이나 문서 따위를 덧붙임
청,ADM,ADMINISTRATION,
청각,HEAR,THE SENSE OF HEARING,
청구,DMND,DEMAND,
청력,HEAR,THE SENSE OF HEARING,
청부,UNDTAK,UNDERTAKING,
청약,SUBSCRP,SUBSCRIPTION,
체격,PHYQ,PHYSIQUE,
체결,CONCU,CONCLUSION,
체계,SYSTEM,SYSTEM,
체력,PSTRNG,PHYSICAL STRENGTH,
체력단련,PHYTRN,"PHYSICAL TRAINING
",
체류,STAY,STAY,
체류지,STAYPL,STAYING PLACE,
체온,TMPR,"TEMPARATURE,TEMPORARY",
체육,SPORTS,SPORTS,
체중,WGT,WEIGHT,
체험,EXPE,EXPERIENCE,
초,SCNDS,SECONDS,"1분을 60등분한 시간
 [접사]｛일부 명사 앞에 붙어｝ ‘어떤 범위를 넘어선’ 또는 ‘정도가 심한’의 뜻을 더하는 접두사"
초과,EXCE,EXCESS,
초기,INI,INITIAL,
초등,ELM,ELEMENTARY,
초록,SMR,SUMMARY,
초빙,INVIT,INVITATION,
초심,FTTRL,FIRST TRIAL,
초안,DRAFT,DRAFTING,
초중고,EMH,ELEMENTARY MIDDLE HIGH,
초진,FSMEDI,THE FIRST MEDICAL EXAMINATION,
초청,INVIT,INVITATION,
총,TT,TOTAL,
총괄,WHOLE,GENERLIZATION,
총무,GNAF,GENERAL AFFAIRS,
총서,SERI,A SERIES,
총설,GNRRMKS,GENERAL REMARKS,
총장,CHANC,CHANCELLOR,
총점,TT_SCOR,TOTAL SCORE,
촬영,PHTGP,PHOTOGRAPHING,
최고,BEST,BEST,
최근,LTST,THE LATEST,
최대,MAX,MAXIMUM,
최소,MIN,MININUM,
최신,LTST,THE LATEST,
최저,MIN,MININUM,
최종,FL,FINAL,
최초,INI,INITIAL,
추가,ADD,ADDITION,
추경,ABUDG,ADD BUDGET,
추경예산,ABUDG,ADD BUDGET,
추론,DEDUCT,DEDUCT,미루어 생각하며 논의함..
추리,DEDUCT,DEDUCT,
추정,PRESU,PRESUMPTION,
추진,PROPU,PROPULSION,
추천,RCOM,RECOMMENDATION,
추천자,RCOMR,UNDEFINED,
출,OUT,OUT,
출강,LT,LECTURE,
출결,ATND,ATTENDANCE,
출고,OUST,OUT STORE,
출국,DECO,DEPART COUNTRY,
출근,ATDC,ATTENDANCE,
출금,OUAMT,OUT AMT,
출급,OUST,OUT STORE,
출납,PYMNT,PAYMENTS,
출력,PRN,PRINT,
출발,FR,FROM,
출산,CHDBIRTH,CHILD BIRTH,
출생,BIRTH,BIRTH,
출석,ATND,ATTEND,
출석부,ATT_BOOK,ATTENDANCE BOOK,
출신,NATV,A NATIVE,
출연금,CNTRB,CONTRIBUTION,
출원,APPL,APPLICATION,
출자,FINC,FINANCING,
출장,BSTR,BUSINESS TRIP,
출전,PATICIPA,PARTICIPATION,
출제위원,EXAMINER,EXAMINER,
출판,PUBL,PUBLICATION,
출판사,PUBL_CO,A PUBLISHING COMPANY,
충당,ALLOC,ALLOCATE,
충실도,FDLT,FIDELITY,
충용,APPRO,APPROPRIATION,
충족,SUFY,SUFFICIENCY,
취급,TRMENT,TREATMENT,
취득,ACQ,ACQUISITION,
취미,HOB,HOBBY,
취소,CNCL,CANCEL,
취소자,CNCLR,UNDEFINED,
취업,EMPL,EMPLOYMENT,"직업을 얻어 직장에 나감, 직업을 얻다"
취학전아동,PRECHD,A PRESCHOOL CHILD,
측량,SVY,SURVEY,
측정,JUDT,JUDGMENT,
층,FLR,FLOOR,
치과,DENT,DENTAL,
친구,FRIEND,A FRIEND,
친절,KNDN,KINDNESS,
친절도,KNDRT,KINDNESS RATE,
카드,CARD,CARD,
캠퍼스,CAMP,CAMPUS,
컨소시엄,CONSRM,CONSORTIUM,
컴퓨터,CMPR,COMPUTER,
코드,CD,CODE,"부호. 기호(記號)의 계열을 다른 기호 계열로 표현할 때의 약속, 또는 그 기호 계열을 말한다"
코치,COACH,COACH,
쿠폰,CPN,COUPON,
퀴즈,QUIZ,QUIZ,
크기,SIZE,SIZE,"사물의 넓이, 부피, 양 따위의 큰 정도."
클래스,CLASS,CLASS,
클리닉,CLNC,CLINIC,
키,KEY,KEY,
키워드,KEYWORD,KEYWORD,
타,OTH,OHTER,
타교,OTSCH,OTHER SCHOOL,
타교생,OUTSTU,OTHER SCHOOL STUDENT,
타군,OTMIL,OTHER MILITARY,
타이틀,TTL,TITLE,
타입,TYP,TYPE,
타전공,OTMJ,OTHER MAJOR,
탁월,EXCL,EXCELLENT,
탈고,CPMS,COMPLETION OF A MANUSCRIPT,
탈락,DRP,DROP,
탈퇴,QUIT,QUIT,
탐구,SRCH,SEARCH,
탑승,RIDE,RIDE,
태도,ATTI,ATTITUDE,
테스트,TEST,TEST,설명
테이블,TABL,TABLE,
테이프,TAPE,TAPE,
토론,DISCU,DISCUSS,
토론자,DEBATR,DEBATER,
토요일,SAT,SATURDAY,
토익,TOEIC,TOEIC,
토지,LAND,LAND,
토플,TOEFL,TOEFL,
통계,STAT,STATISTICS,
통고,NOTI,NOTICE,
통과,PASS,PASS,
통관,ENTRY,ENTRY,
통보,RPRT,A REPORT,
통상,NORM,NORMALLY,
통신,COMM,COMMUNICATION,
통장,BNKBK,BANKBOOK,
통제,CTRL,CONTROL,
통학,ATNDSCH,ATTENDING SCHOOL,
통합,INTGRTN,INTEGRATION,
통화,CALL,CALL,
통화,CURNCY,CURRENCY,화폐의 단위
퇴거,QUTT,LEAVING;QUITTING,
퇴관,LVRM,LEAVING THE ROOM,
퇴근,AFWK,AFTER WORK,
퇴사,LEAVDORM,LEAVE A DORMITARY,기숙사에서 나옴
퇴사,RETI,RETIRE,
퇴실,LVRM,LEAVING THE ROOM,방에서 나옴
퇴원,LVHOS,LEAVING HOSPITAL,
퇴직,RETI,RETIRE,다니던 회사를 그만둠.
퇴직금,RETI_PAY,RETIREMENT PAY,
투고,SUBM,SUBMIT,
투숙,CHKIN,CHECK IN,
투입,INPT,INPUT,
투자,INVST,INVESTMENT,
투자조합,ICOMP,AN INVESTMENT COMPANY,
투표,BLOT,BALLOT,
튜터,TUTR,TUTOR,
튜터링,TUTRNG,TUTORING,
튜티,TUTE,TUTEE,
특기,SKIL,SKILL,
특례,SPCLEX,SPECIAL EXAMPLE,
특별,SPCL,SPECIAL,
특별세,SPTAX,SPECIAL TAX,
특성화,CHRTZN,CHARACTERIZATION,
특수,SPCL,SPECIAL,
특이,SPC,SPECIAL,
특전,PRIV,PRIVILEGE,
특징,FEAT,FEATURE,
특차,SPTM,SPECIAL TIME,
특허,PATENT,PATENT,[特許]어떤 사람의 출원으로 이루어진 공업적 발명의 전용권을 본인 또는 그 승계자에게만 부여하는 행정 행위
팀,TEAM,TEAM,
팀원,TMMBR,TEAM MEMBER,
팀장,TMCPT,TEAM CAPTAIN,
파견,DTMT,DETACHMENT,
파급,EFT,EFFECT,
파일,FILE,FILE,"서류철여러 가지 서류를 한데 모아 매어 두게 만든 도구.
<컴퓨터>하나의 단위로서 처리되는 서로 관련 있는 레코드의 집합."
판,EDT,EDITION,그림이나 글씨 따위를 새겨 찍는 데 쓰는 나무나 쇠붙이의 조각
판결,JUDGMNT,JUDGEMENT,
판매,SALE,SALE,판매
판정,JUDT,JUDGMENT,
판형,FMT,FORMAT,
패스,PASS,PASS,
패스워드,PWD,PASSWORD,
패키지,PKG,PACKAGE,
팩스,FAX,FAX,
페이지,PAGE,PAGE,
펴낸곳,PUBL_CO,A PUBLISHING COMPANY,
편,VOL,VOLUME,
편달,CNSL,COUNSEL,
편람,HNDBOOK,HANDBOOK,
편성,FORMA,ORGANIZATION,
편의,CONV,CONVENIENCE,
편입,TRANS,TRANSFER,이미 짜여진 어떤 모임이나 조직 따위에 끼어들어 감
편자,EDTR,EDITOR,
편저,CMPL,COMPILATION,
편저자,CMPLR,COMPILATION,
편제,FORMA,ORGANIZATION,
편집,EDT,EDITION,
편차,VARIA,VARIATION,
평,ACR,ACRE,"땅 넓이의 단위를 나타내는 말, 1에이커는 대략 4, 047제곱미터이며 기호는 ac이다"
평,ACR,ACREAGE,
평가,APPR,APPRAISE,사람이나 사물의 가치나 수준 따위를 일정한 기준에 의해 따져 매김
평가도구,APRTL,APPRAISE TOOL,
평가자,APPRR,APPRAISAL,평가자
평균,AVG,AVERAGE,
평방,SQUR,SQUARE,
평생,LIFE,LIFE TIME,사람이 태어나서 죽을 때까지의 살아 있는 동안
평생교육사,LIFE_EDU_LIC,LIFE_EDU_LIC,
평수,PYNO,NUMBER OF PYEONG ,평수
평점,MRKS,MARKS,학생들이 배운 지식이나 기능 등이 평가된 결과
평정,EST,ESTIMATE,
평정자,APPRR,APPRAISAL,
폐강,CLS_CLSS,CLOSE CLASS,
폐교,DIPSCHL,DIPOSAL SCHOOL,
폐기,DIPS,DISPOSAL,
폐기자,DIPSR,DISPOSALOR,
폐품,WAST,WASTE ARTICLES,
포괄,INCL,INCLUDE,
포기,GVUP,GIVE UP,
포상,PRIZE,PRIZE,
포장,PACKNG,PACKING,
포지션,POSIT,POSITION,
포트폴리오,PRTFL,PORTFOLIO,
포함,INCL,INCLUDE,
폭,WIDTH,WIDTH,
폼,FORM,FORM,
표,CHRT,CHART,
표시,DISP,DISPLAY,
표준,STAD,STANDARD,
표준편차,STAD_DEVI,STANDARD DEVIATION,
표지,COVER,COVER,
풀,POOL,POOL,
품목,ITEM,ITEM,
품의,CNST,CONSULTAION,
품절,SLDOUT,SOLD OUT,
품질,QLTY,QUALITY,
프로그램,PGM,PROGRAM,
프로시져,PROC,"PROCESS, PROCEDURE",
프리랜서,FRLNCR,FREELANCER,
프린터,PRNR,PRINTER,
프린트,PRN,PRINT,
플래그,FG,FLAG,
피고,DEFNDNT,DEFENDANT,
피드백,FDBK,FEEDBACK,
피배정,ASGNED,ASSGNED,
피크,PEAK,PEAK,
픽업,PICUP,PICKS UP,픽업
필기,TNOTE,TAKING NOTES,
필기시험,WREXAM,WRITING EXAMINATION,답안을 글로 써서 치르는 시험
필답시험,WREXAM,WRITING EXAMINATION,
필드,FIELD,FIELD,
필름동판,FLMCPP,FLIM COPPERPLATE ,
필명,PEN_NM,PEN NAME,
필수,NECE,NECESSARY,
필요,ND,NEED,
필자,WRITER,WRITER,
하,BTTM,BOTTOM,
하기,SUMM,SUMMER,
하령,COMD,COMMAND,아랫사람에게 명령을 내림
하수도,DRAGE,DRAINAGE,
하위,SUB,(PREFIX) ~ UNDER,
하자,FULT,FAULT,
하한,LOW,LOWER,
하한선,LOWLMT,LOW LIMIT,
학과,SUST,SUBJECT OF STUDY,대학의 편제에서 각 학술 분과에 따라 나눈 교육?연구의 구성단위
학과(부)/전공,SUST,SUBJECT OF STUDY,
학교,SCH,SCHOOL,
학급,CLASS,CLASS,
학기,SHTM,SCHOOL TERM,
학기제,TRM_SYS,TERM SYSTEM,
학년,SHYR,SCHOOL YEAR,한 해를 단위로 한 학습 기간의 구분
학년도,SCHYY,A SCHOOL YEAR,한 학년의 과정(課程)을 배우는 기간(期間)
학력,SHCR,SCHOOL CAREER,
학무,SHAF,SCHOOL AFFAIRS,
학문,STUD,STUDIES,
학번,STUNO,STUDENT NUMBER,"[學番]주로 대학교나 대학원에서 학생에게 부여하는 고유 번호, 같은 해에 입학한 학생들에게 입학 연도를 고유 번호 삼아서 붙인 번호"
학부,SUST,SUBJECT OF STUDY,
학부(과),SUST,SUBJECT OF STUDY,
학부(과)/전공,SUST,SUBJECT OF STUDY,
학부모,STPRT,STUDENT' PARENT,
학비,SCHEXP,SCHOOL EXPENSES,
학사,BD,BACHELOR'S DEGREE,[學士]대학의 학부 과정을 마치고 규정된 절차를 밟은 사람에게 수여하는 학위. 또는 그 학위를 딴 사람
학사,SHAF,SCHOOL AFFAIRS,학교의 교육이나 경영 등에 관한 모든 것
학생,STD,STUDENT,주로 학교에 다니며 공부하는 사람
학생부,STD_HIS,STUDENT HISTORY,
학생증,STD_IDCD,A STUDENT´S (IDENTIFICATION) CARD,
학생회,STD_ASM,STUDENT ASSEMEBLY,
학석사,BCHLOR_MSTR,"A BACHELOR AND A MASTER
",
학수,STLSN,SUBJECT OF STUDY'S LESSON,
학술,ACDM,AN ACADEMY,
학술지,JRNL,JOURNAL,
학술진흥재단,KRF,KOREA RESEARCH FOUNDATION,"학술진흥재단
"
학습,LRN,LEARING,
학습자,LRNER,LEARNING PERSON,
학업,STDS,STUDIES,
학원,ACMY,ACADEMY,
학원비,ACAEXP,ACADEMY EXPENSE,
학위,DEGR,DEGREE,
학자,SCLAR,SCHOLAR,
학자금,EDU_FUND,EDUCATION FUND,
학장,DEAN,DEAN,
학적,SHREG,SCHOOL REGISTER,학생으로서 학교에 등록하여 놓은 근거
학적부,SHREG,SCHOOL REGISTER,
학점,PNT,POINT,"[學點]대학이나 대학원에서 학과의 성적을 나타내는 등급의 단위, 대학이나 대학원에서 학생의 학과 이수를 계산하는 단위"
학제,EDUSTM,AN EDUCATIONAL SYSTEM,
학진,KRF,KOREA RESEARCH FOUNDATION,
학칙,SCHRL,SCHOOL RULE,
학회,ACDM,AN ACADEMY,
한계,LMT,LIMIT,
한국어,KRL,KOREAN LANGUAGE,
한글,KOLN,KOREAN LANGUAGE,우리나라 고유 문자의 이름
한도,LMT,LIMIT,
한문,CHA,CHINESS CHARACTER,
한번,ONCE,ONCE,
한자,CHA,CHINESS CHARACTER,
할당,ASSN,ASSIGNMENT,
할인,DC,DISCOUNT,값을 깍음
할인전,DCBEF,DISCOUNT BEFORE,할인전
함수,FUNCT,FUNCTION,
합,SUM,SUMMARY,
합격,PASS,PASS,
합계,TT,TOTAL,
합동,COMB,COMBINATION,
합반,COMCS,COMBINED CLASS,
합산,ADUP,"TOTAL, ADDING UP",
합성,SYNTHESIS,SYNTHESIS,
합의,AGR,AGREEMENT,
항,SECT,SECTION, 내용을 체계적으로 나누어 서술하는 단위의 하나
항공,AIR,AIR,
항목,ITEM,ITEM,
해결,SOLVE,SOLVE,
해고,DSMS,DISMISSAL,
해당,PRTNT,PERTINENT,
해설,DESCT,DESCRIPTION,
해소,SOLVE,SOLVE,
해외,FRN,FOREIGN COUNTRY,
해임,DSMS,DISMISSAL,어떤 직위에 있는 사람을 맡은 임무를 내놓고 물러나게 함
해제,RLEAS,RELEASE,
해지,TRMN,TERMINATION,계약 당사자 한쪽의 의사 표시에 의하여 계약에 기초한 법률관계를 소멸함
해체,BRKUP,BREAKUP,
해촉,TRMN,TERMINATION,
핵심,CORE,CORE,
핸드폰,HP,,
행,ROW,ROW,
행동,ACT,ACT,
행사,CERE,CEREMONY,
행선지,DEST,DESTINATION,
행위,ACT,ACT,
행정,ADM,ADMINISTRATION,
행정기관,ADM,ADMINISTRATION,
향방,NTDF,ONE´S NATIVE PLACE DEFENSE,
향토,NTPC,ONE´S NATIVE PLACE,
향후,AF,AFTER,
허가,ALLW,ALLOWANCE,
허가서,ALLWDOC,UNDEFINED,
허락,PERM,PERMISSION,
허용,ALLW,ALLOWANCE,
현,CURR,CURRENT,
현근무지,CSIT,CURRENT SITE,
현장,SCENE,SCENE,
현재,NOW,NOW,
현지,ACPL,THE ACTUAL PLACE,
현직,INCBT,INCUMBENT,
현행,CURR,CURRENT,
현황,PRECON,THE PRESENT CONDITION,
혈압,BLD_PRSS,BLOOD PRESSURE,
혈액,BLD,BLOOD,
혈액형,BLDTP,BLOOD TYPE,
협력,COOP,COOPERATION,
협약,AGR,AGREEMENT,
협의회,CONCL,COUNCIL,
협정,AGR,AGREEMENT,
협조,COOP,COOPERATION,
협진,COMEDI,COOPERATION MEDICAL EXAMINATION AND TREATMENT,
협회,SOCT,A SOCIETY,
형,ELBRO,ELDER BROTHER,
형,TYPE,TYPE,
형식,TYPE,TYPE,
형제,BROTH,BROTHER,BROTHER
형태,TYPE,TYPE,
형편,SITU,SITUATION,
혜택,BNFT,BENEFIT,
호,HO,HO,[號]같은 번지 내에 집이 여럿 있을 때 일정하게 순서를 매겨 쓰는 말.
호봉,STEP,PAY STEP,
호스팅,HOST,HOSTING,호스팅서비스 사용 단어 정의
호실,ROOM,ROOM,
호주,HOST,HOST,
호주와의관계,HOST_REL,RELATION WITH HOST,
호출기,BEPR,BEEPER,
혼인,MAGE,MARRIAGE,
혼자,SINGLE,SINGLE,
혼합,MIX,MIX,
홈페이지,HOME_PAGE,HOME PAGE,
홍보,PR,PUBLIC RELATIONS,
홍보물,PRBR,PR BROCHURE,
화면,SCR,SCREEN,
화물,CARG,CARGO,
화요일,TUE,THUESDAY,
화일,FILE,FILE,
화폐,MNY,MONEY,
확대,MAGNIF,MAGNIFICATION,
확인,CFM,CONFIRM,
확인자,CFMR,UNDEFINED,
확정,FIX,FIX,일을 확실하게 정함
확정자,DCSNR,DECISIONER,
환경,ENVIR,ENVIRONMENT,
환급,RFND,REFUND,돈이나 물건 따위를 도로 돌려줌
환급보험료,RET_PREM,RETURN PREMIUM,
환불,REPMT,REPAYMENT,
환산,EXCH,EXCHANGE,
환산비율,EXCGRT,EXCHANGE RATE,
환수,RDMP,REDEMPTION,
환율,EXRATE,EXCHANGE RATE,자기 나라 돈과 다른 나라 돈의 교환 비율
환입,RECPT,RECAPTURE,
환자,PATI,A PATIENT,
활동,ACT,ACT,
활용,APLY,APPLY,
회계,ACNT,ACCOUNTS,
회답,X-RADIATION,REPLY,부름이나 물음에 응하여 답함.
회보,BLTN,A BULLETIN,
회비,DUES,DUES,
회사,CO,COMPANY,
회선,CIRCUIT,CIRCUIT,
회신,RPLY,REPLY,
회원,MEMB,MEMBER,
회의,MEET,MEETING,
회의록,MEETRD,MEETING RECORD,
회장,PSDT,PRESIDENT,
회전,REV,REVOLUTION,
회지,BULL,BULLETIN,
회차,SEQ, SEQUENCE,
회칙,CONSTI,CONSTITUTION,
회화,CNVS,CONVERSATION,
횟수,CNT,COUNT,일이나 사건 따위의 가짓수
효과,EFT,EFFECT,
효도,FIPIT,FILIAL PIETY,
후,AF,AFTER,
후배,JUNIOR,JUNIOR,
후보,CANDI,CANDIDATE,
후에,AF,AFTER,
후원,SPRT,SUPPORT,
훈련,TRN,TRAIN,
훈장,BADGE,BADGE,
훈화,ADMO,ADMONITION,
휠체어,WHLCHR,WHEELCHAIR,
휴,CEAST,CEAST,
휴가,VACA,VACATION,
휴강,SKIP_LT, SKIPPING A LECTURE,
휴대,CARY,CARRY,휴대
휴머니즘,HUSM,HUMANISM,
휴일,HLDY,HOLYDAY,휴일
휴직,NDTY,NOT DUTY,
휴학,CEAST,CEASE STUDY,
흉부,CHEST,CHEST,
흡연,SMOKE,SMOKE,
흡입,SUCT,SUCTION,
희망,HOPE,HOPE,
