한글단어명,영문단어명,단어 전체 명
10월,MM10,MM10
11월,MM11,MM11
12월,MM12,MM12
1박,STAY1,STAY ONE DAY
1분기,QTR1,FIRST QUARTER
1월,MM1,MM1
1차,FST,FIRST
1학년,SY1, SCHOOL YEAR 1
20인실,PSN20,20 PERSONS
2박,STAY2,STAY TWO DAY
2분기,QTR2,SECOND QUARTER
2월,MM2,MM2
2차,SECOND,SECOND
2학년,SY2, SCHOOL YEAR 2
3계열,PART3,SERIES 1
3분기,QTR3,THIRD QUARTER
3월,MM3,MM3
3학년,SY3, SCHOOL YEAR 3
4분기,QTR4,FOURTH QUARTER
4월,MM4,MM4
4학년,SY4, SCHOOL YEAR 4
5계열,PART5,SERIES 5
5월,MM5,MM5
5학년,SY5,SCHOOL YEAR 5
6월,MM6,MM6
6학년,SY6,SCHOOL YEAR 6
7계열,PART7,SERIES 7
7월,MM7,MM7
7인실,PSN7,7 PERSONS
8월,MM8,MM8
9계열,PART9,SERIES 9
9월,MM9,MM9
ACE,ACE,ACE
ACL,ACL,ACCESS CONTROL LIST
ALTSGPT,ALTSGPT,UNDEFINED
BEAM,BEAM,BEAM
BINARY,BIN,BINARY
CDROM,CDROM,CDROM
CMS,CMS,CMS(CASH MANAGEMENT SYSTEM)
CPU,CPU,CPU
DEET,DEET,치과전문대학원입학시험
DM,DM,DM
DNS,DNS,DOMAIN NAME SERVER
DVD,DVD,DIGITAL VIDEO DISK
F,F,FAIL
FULLTIME,FULLTIME,FULL TIME
G2B,G2B,GOVERNMENT-TO-BUSINESS
HDD,HDD,HARD DISK
ID,ID,IDENTIFICATION
IP,IP,IP ADDRESS
KEP,KEP,KEP
KTS,KTS,KTS
LAN,LAN,LAN
LEET,LEET,법학적성시험
MIC,MIC,MICROPHONE
NURS,NURS,NURSE
OBJECT,OBJ,OBJECT
OHP,OHP,OVERHEAD PROJECTOR
OMR,OMR,OPTICAL MARK READER
OS,OS,OPERATING SYSTEM
OUR,WE,OUR
PARTTIME,PARTTIME,PARTTIME
PC,PC,PERSONAL COMPUTER
PDF,PDF,PORTABLE DOCUMENT FORMAT
RAM,RAM,RAM(RANDOM ACCESS MEMORY)
RFID,RFID,RFID
RH,RH,RH
ROTC,ROTC,ROTC
SCREEN,SCR,SCREEN
SET,SET,SET
SMS,SMS,SHORT MESSAGE SERVICE
SNICKNAME,NKNM,SNICK NAME
TEPS,TEPS,TEST OF ENGLISH PROFICIENCY DEVELOPED BY SEOUL NATIONAL UNIVERSITY
URL,URL,UNIFORM RESOURCE LOCATOR
USR,USER,USER
VMI,VMI,VMI
VTR,VTR,VTR
WTO,WTO,WTO
XML,XML,EXTENSIBLE MARKUP LANGUAGE
YMCNT,YMCNT,YMCNT
가,TMP,TEMPORARY
가감,ADDSUB,ADDITION AND SUBTRACTION
가격,PRC,THE PRICE
가계,HOUS_ECO,"HOUSEHOLD ECONOMY,"
가능,POSB,POSSIBILITY
가동,OPR,OPERATION
가로,HOR,HORZONTAL
가맹점,MEMCTR,MEMBER CENTER
가산,ADD,ADDITION
가상,CYBER,CYBER
가상계좌,VIRTL_ACCNT,VIRTUAL ACCOUNT
가액,AMT,AMOUNT
가옥,HOUS,HOUSE
가입,JOIN,JOIN
가정,HOME,HOME
가족,FM,FAMILY
가중,WGT,WEIGHT
가진급,CONFRMT,"CONDITIONAL PASS, CONDITIONAL PROMOTION"
가치,VAL,VALUE
각,EA,EACH
간격,GAP,GAP
간부,EXECT,EXECUTIVE
간이,SIMP,SIMPLICITY
간접,INDIR,INDIRECTNESS 
간접비,INDIRCST,"INDIRECT COST, OVER HEAD FEE"
간지,SSHT,SHEET
간행물,MGZ,MAGAZINE
간호사,NURSE,NURSE
감가상각,DEPR,DEPRECIATION
감독,SPR,SUPERINTENDENCE 
감독관,JDG,JUDGE
감리,INSP,INSPECTION
감면,REDC,REDUCE
감사,GRAT,GRATITUDE
감산,SUBTRA,SUBTRACTION
감점,DMRTMARK,DEMERIT MARK
감정,APPR,APPRAISE
갑근세,INCOME_TAX,INCOME TAX
강당,HAL,HALL
강도,STRNG,STRENGTH
강사,LECTURER,LECTURER
강사료,LT_AMT,LECTURE FEE
강의,LT,LECTURE
강의일람,LTPN,LECTURE PLAN
개강,OPOSH,OPENING OF SCHOOL
개발,DEV,DEVELOP
개별,INDI,INDIVIDUAL
개선,IMPV,IMPROVEMENT
개설,OPEN,OPEN
개수,CNT,COUNT
개요,SMRY,SUMMARY
개월,MTH,MONTH
개월수,MMCNT,MONTH COUNT
개인,PERS,PERSONAL
개정,REVSN,REVISION
개최,HOLD,HOLD
객관식,OBJTV,OBJECTIVE
객체,OBJT,OBJECT
갱신,CHG,CHANGE
거래,TRNS,TRANSACTION
거래선,VEND,VENDOR
거리,DIST,DISTANCE
거절,REJT,REJECT
거주,RESI,RESIDENT
거치,UNREDM,UNREDEEMED
건강,HEAL,HEALTH
건강보험,HINS,HEALTH INSURANCE
건명,NM,NAME
건물,BD,BUILDING
건의,PPS,PROPOSAL
건재,CLFY,CLASSIFICATION
건평,BDACR,BUILDING ACRE
검사자,TSTR,TESTER
검사지,INSPP,INSPECTION SHEET
검색,QRY,QUERY
검수자,INSPR,INSPECTOR
검정,QUAL,QUALITY
검증,VRFN,VERIFICATION
검진,MEXAM,MEDICAL EXAMINATION
검침,INSPECT,INSPECTION
검침자,INSPECTR,INSPECTOR
검토,EXAM,EXAMINATION
게스트,GUEST,GUEST
게시,NOTI,NOTICE
게시글,NOTIWR,NOTICE WRITING
게시물,BODITM,BOARD ITEM
게시판,BOARD,BOARD
게이트웨이,GWAY,GATEWAY
게재,PUBL,PUBLICATION
게재지,PUBL_JRNL,PUBLISH JOUNAL
견적,ESTI,ESTIMATE
견적서,ESTISHT,ESTIMATE SHEET
견학,VISITSTUDY,VISIT FOR STUDY
결강,ABSN_LT,ABSENCE LECTURE
결과,RSLT,RESULT
결근,ABSN,ABSENCE
결론,CNCLSN,CONCLUSION
결산,FNCL,FINANCIAL STATEMENT
결시,OMIT,OMISSION
결심,FLTRL,"FINAL TRIAL, THE EXAMINATION OF A THESIS"
결의,DCD,DECISION
결의서,DCD_DOC,DECISION DOCUMENTS
결재,APRV,APPROVAL
결재자,APRVR,APPROVAL PERSON
결정,DETM,DETERMINE
결제,STTL,SETTLEMENT
결혼,MAGE,MARRIAGE
겸임,ADDPOST,ADDITIONAL POSITION
겸직,PLR,PLURAL
경고,WARN,WARNNING
경과,ELAP,ELAPSE
경기,GAME,GAME
경도,LON,LONGITUDE
경력,CARR,CAREER
경로,PATH,PATH
경로자,ELDR,ELDER PERSON
경리,PAYMST,PAY MASTER
경비,EXPS,EXPENSES
경사,SLANT,SLANT
경상,CURR,CURRENT
경영,MNGMT,MANAGEMENT
경영학,BUS_ADM,BUSINESS ADMINISTRATION
경유,VIA,VIA
경쟁,CMPT,COMPETE
경제,ECNMY,ECONOMY
경주,RACE,RACE
경찰,POLC,POLICE
경험,EXPRC,EXPERIENCE
계,TT,TOTAL
계급,GRAD,GRAD
계단,STAIR,STAIRS
계량기,METER,METER
계산,CAL,CALCULATION
계산서,BILL,BILL
계속,CNTI,CONTINUITY
계약,CNTR,CONTRACT
계약직,CONWORKING,CONTRACT WORKING
계열,PART,PARTITION
계절,SESN,SEASON
계정,ACCT,ACCOUNT
계좌,BACCT,BANK ACCTOUNT
계통,TYPE,TYPE
계획,PLAN,PLAN
계획서,PDOC,PLANNING DOCUMENT
고,HSCH,HIGH SCHOOL
고1,HS1,HIGH SCHOOL 1ST GRADD
고2,HS2,HIGH SCHOOL 2ND GRADE
고3,HS3,HIGH SCHOOL 3RD GRADE
고가,HIPC,A HIGH PRICE
고객,CUS,CUSTOMER
고객사,CUSCOM,CUSTOMER COMPANY
고과,EVAL,EVALUATION
고려,CNSD,CONSIDERATION
고발자,RLTR,RELATOR
고사장,PLACE,EXAMINATION PLACE
고속철도,KTX,KTX
고용,EMPL,EMPLOYMENT
고용보험,EINS,EMPLOYMENT INSURANCE
고유,UNI,UNI
고장,TROB,TROUBLE
고정,FIX,FIXED
고지서,DMPP,DEMAND PAPER
공간,SPACE,SPACE
공개,PUBC,PUBLIC
공고,ANUN,ANNOUNCEMENT
공공,PBLC,PUBLIC
공급,SPLY,SUPPLY
공급사,SUPLCOM,SUPPLIER COMPANY
공동,COOP,COOPERATION
공란,BLNK,BLANK
공모,COLL,COLLECT
공무원,PUBPERS,PUBLIC OFFICER
공문,ODOC,OFFICIAL DOCUMENT
공부,PUBBK,PUBLIC BOOK
공사,COSTRT,CONSTRUCTION
공시,ANNC,PUBLIC ANNOUNCEMENT
공식,FMLT,FOMALITY
공약,PLG,PLEDGE
공용,OFCUSE,OFFICIAL USE
공유,SHARE,SHARE
공정,PRCS,PROCESS
공제,DUC,DEDUCTION
공제회,CRUN,CREDIT UNION
공통,CMMN,COMMON
공표,PANN,PUBLIC ANNOUNCEMENT
공학,ENGR,ENGINEERING
공학인증,ABEEK,ACCREDITION BOARD FOR ENGINEERING EDUCATION OF KOREAA
공항,AIRP,AIRPORT
공휴일,HLDY,HOLYDAY
과,DEPT,DEPARTMENT
과납,OVPAID,OVER PAID
과다,EXCE,EXCESS
과락,SBJT_DISQ,SUBJECT DISQUALITY
과목,SBJT,SUBJECT
과미납,OVUNPAID,OVER/UNPAID
과세,TAX,TAX
과세표준,TXSTD,TAX STANDARD
과장,MAGNIF,MAGNIFICATION
과정,CORS,COURSE
과제,PRJT,PROJECT
과제및참고,PRPJ_N_REF,PROJECT AND REFERENCE
과태료,PNTY,PENALTY
과학,SCI,SCIENCE
관,SST,SUBSECTION
관계,REL,RELATION
관급,GVRNT_SPLY,GOVERNMENT SUPPLY
관납,PYGO,PAYMENT TO GOVERNMENT
관련,CONC,CONCERN
관리,MNG,MANAGEMENT
관리자,MNGR,MANAGER
관보,GAZETTE,GAZETTE
관생,LIVSTD,LIVING STUDENT
관세,CSTMS,CUSTOMS
관세감면,TXRD,TAX REDUCTION
관심,INTEREST,INTEREST
관장,MNGT,MANAGEMENT
관적,RSDREG,RESIDENCE REGISTER
관직,PUBOFC,PUBLIC OFFICE
관찰,OBSV,OBSERVATION
광,LRG,LARGE
광고,AD,ADVERTISEMENT
교과,SUBMATT,SUBJECT MATTER
교과과정,CURI,CURICULAM
교과서,TXBOOK,TEXT BOOK
교관,INSTRT,INSTRUCTOR
교구,PARI,PARISH
교내,INCAMP,IN CAMPUS
교내외,SHIO,SCHOOL INSIDE/OUTSIDE
교류,INTCH,INTERCHANGE
교복,SCHUNF,STUDENT UNIFORM
교부,DELI,DELIVERY
교비,SHAMT,SCHOOL AMOUNT
교사,TEACHER,TEACHER
교수,PROF,PROFESSOR
교시,LTTM,LECTURE TIME
교신,CRSP,CORRESPONDENCE
교양,CULT,CULTURE
교외,OUTCAMP,OUTSIDE  THE CAMPUS(SCHOOL)
교우,FRIEND,
교원,SPRF,SCHOOL PROFESSOR
교육,EDU,EDUCATION DEPARTMENT
교육부,MOE,MINISTRY OF EDUCATION & HUMAN RESOURCES DEVELOPMENT 
교육비,EDAMT,EDUCATION AMOUNT
교육원,EDUCTR,EDUCATIONAL CENTER
교장,SCHM,SCHOOL MASTER
교정,PFRD,PROOFREADE
교정자,PFRDR,PROOFREADER
교지,SCHMAGNE,SCHOOL MAGAZINE
교직,TCHR,TEACHER TRAINING COURSE
교직원,STAFF,STAFF
교직원공제회,KTCU,THE KOREAN TEACHERS' CREDIT UNION
교차,CROSS,CROSS
교체,SUBST,SUBSTITUTE 
교통,TRAF,TRAFFIC
교평위,PROFAPCM,PROFESSOR APPRAISAL  COMMITTEE
교환,EXCHG,EXCHANGE
교회,CHURCH,CHURCH
구,OLD,OLD
구간,SECT,SECTION
구내,EXT,EXTENSION
구독,SUBSP,SUBSCRIPTION
구매,PURC,PURCHASE
구미,GUMI,GUMI
구분,FG,FLAG
구비,REQ,REQUIRED
구성원,MBR,MEMBER
구조,STR,STRUCTURE
구축물,STRCTR,STRUCTURE
국,COUN,COUNTRY
국내,DOME,DOMESTIC
국내교류,DOME_EXC,DOMESTIC EXCHANGE
국내외,COUNIO,COUNTRY INSIDE/OUTSIDE
국문,KOR,KOREAN
국민,PEOP,PEOPLE
국민기초생활,MINCOST,MINIMUM COST OF LIVING
국민연금,NPN,NATIONAL PENSION
국비,NTNEXPN,NATIONAL EXPENSE
국세청,NTS,THE NATIONAL TAX SERVICE
국외,FRN,FOREIGN COUNTRY
국적,NATI,NATIONALITY
국제,INTE,INTERNATIONAL
국제표준도서번호,ISBN,INTERNATIONAL STANDARD BOOK NUMBER
국제표준정기간행물번호,ISSN,INTERNATIONAL STANDARD SERIAL NUMBER
국책,NAPL,NATIONAL POLICY
군,GUN,GUN
군명,GUNNM,
군번,MIL_NO,MILITARY NUMBER
군별,MIL,MILITARY
군사학,MIL_SCN,MILITARY SCIENCE
군필,MILFIN,MILITARY SERVICE FINISHED
권,VOL,VOLUME
권리,RIGHT,RIGHT
권역,AREA,AREA
권유자,SLCTR,SOLICITOR
권장,RCOM,RECOMMENDATION
권한,PERM,PERMISSION
귀속,REVS,REVERSION
규격,SPEC,SPECIFICATION
규모,SCALE,SCALE
규정,PROV,PROVISION
그룹,GRP,GROUP
그룹웨어,GW,GROUPWARE
그림,IMG,IMAGE
근거,BASI,BASIS
근로,LABOR,LABOR
근로자,LABORR,LABORER
근무,WK,WORK
근무자,WKR,A WORKER
근무지,WKSITE,WORK SITE
근무처별,CBYSITE,CLASSIFIED BY SITE
근속,CWK,CONTINUE WORK
근태,ATTD,WORK ATTITUDE
금요일,FRI,FRIDAY
금일,THEDD,THE DAY
금일업무실시,TBR,TODAY BUSINESS RUN
금학기,PRTM,PRESENT TERM
급,LVL,LEVEL
급량,FOOD,FOOD
급류,LVLPT,LEVEL PART
급수,SECL,SECTION_CLASS
급식비,FDEXPS,FOOD EXPENSE
급여,SALY,SALARY
기,ALD,ALREADY
기간,TERM,TERM 
기계,MCHN,MACHINE
기관,BREU,BUREAU
기구,ORGAN,ORGANIZATION
기금,FUND,FUND
기납부,ALPAI,ALREADY PAID
기념,COMMEM,COMMEMORATION
기능,FUNC,FUNCTION
기대,DEPD,DEPENDANCE
기록,RECD,RECORD
기말,FL,FINAL
기말고사,FLEXM,FINAL EXAMINATION
기법,TECH,TECHNIQUE
기본,BASE,BASE
기부,CNTRIB,CONTRIBUTION
기사,ARTICLE,AN ARTICLE
기산,RECKON,RECKON
기성,SSO,SCHOOL SUPPORT
기수,SEQ,SEQUENCE
기숙사,DORM,DORMITORY
기안,DRAFT,DRAFTING
기안올림,DRAFTSUBM,DRAFT SUBMMIT
기업,CO,COMPANY
기여도,CNTRIBRT,CONTRIBUTE RATE
기온,TMPR,"TEMPARATURE,TEMPORARY"
기자,PMAN,NEWSPAPER MAN
기자재,APRT,APPARATUS
기존,EXTNG,EXISTING
기종,MCHNTP,MACHINE TYPE
기준령,BASICM,BASIS COMMAND
기준소득월액,BSEMMAMT,BASIS EARN MM AMT
기증,DONA,DONATION
기타,ETC,ETC
기표,ATDN,ACCOUNT DECISION
기표자,ATDNR,ACCOUNT DECISIONER
기호,SMB,SYMBOL
기후,WEAT,WEATHER
긴급,EMERG,EMERGENCY
길이,LGTH,LENGTH
깊이,DEP,DEPTH
끼니,MEAL,MEAL
나눔,DIVID,DIVIDED
나머지,REMA,REMAIN
나무,TREE,TREE
나이,AGE,AGE
낙찰,SCFBID,SUCCESFUL BID
난방,HEAT,HEATING
난이도,DIF,DIFFICULT
날짜,DT,DATE
남,MALE,MALE
납,PAID,PAID
납기,PAPRD,"PERIOD, FOR PAYMENT   "
납세조합,TXPYAS,TAX PAYMENT ASSOCIATION
납입,GV,GIVE
낱개,PIECE,PIECE
내,IN,IN
내국세,INDUTY,INLAND DUTY
내부,INSD,INSIDE
내역,CTNT,CONTENT
내외,IO,IN OUT
내용,CNTN,CONTENT
내용년수,DUR_YCNT,DURABLE YEARS
내일,TOMO,TOMORROW
내자,DOFU,DOMESTIC FUND
내장,INTER,INTERIOR
냉방,COLD,COLD
너비,WIDTH,WIDTH
넓이,WDTH,WIDTH
년,YY,YEAR
년간,ANN,AN ANNUAL
년도별,BYYY,BY YEAR
년수,YCNT,YEAR COUNT
년식,VINTG,VINTAGE
년월,YYMM,YEAR MONTH
년월일,YYMMDD,YEAR MONTH DAY
노력,EFRT,EFFORT
노력도,EFRTRT,EFFORT RATE
노조,LABUN,A LABOR UNION
노트,NOTE,NOTE
논리,LOGIC,LOGIC
논문,THSS,THESIS
논문초록,THSS_SMR,THESIS_SUMMARY
논술,STMT,STATEMENT
논증,PROOF,PROOF
농,FARM,FARM
농도,DEPTH,DEPTH
농어촌,FAFV,FARMING AND FISHING VILLAGES
농어촌특별세,FVSTX,FARMING AND FISHING VILLAGES SPECIAL TAX
농특세,FMTAX,FARM TAX
높이,HGHT,HEIGHT
누계,ADSM,ADDING SUM
누적,CUML,CUMULATIVE
누진세,CUMLTAX,CUMULATIVE TAX
능력,ABTY,ABLITY
능률,EFCY,EFFICIENCY
다,MULT,MULT
다름,DIFF,DIFFERENCE
다시,RE,RE
다운로드,DN,DOWNLOAD
다음,NEXT,NEXT
다전공,MULT_MJ,MULTI MAJOR
단가,UNTPRC,UNIT PRICE
단계,STG,STAGE
단과대학,COLG,COLLEGE
단기,STTM,SHORT TERM
단독,SINGLE,SINGLE
단어,WORD,WORD
단위,UNIT,UNIT
단일세율,SGTRT,SINGLE TAX RATE
단체보험,GPINS,GROUP INSURANCE
단축,SHRT,SHORT
단평위,COLGAPCM,GOLLEGE APPRAISAL COMMITTE
달러,USD,US DOLLAR
달성,ACHIV,ACHIVEMENT
담당,RESP,RESPONSIBILITY PERSON
담당자,PSCH,PERSON IN CHARGE
담당팀,CHGTM,CHGTM
담보,SCRT,SECURITY
답,ANSR,ANSWER
답변,RPLY,REPLY
당,PER,PER
당기,TTERM,THIS TERM
당기말,ETTERM,END OF THE THIS TERM
당년,THEYY,THE YEAR
당시,THTM,AT THAT TIME
당연,NECE,NECESSARY
당월,THEMM,THE MONTH
당직,ONDUTY,ONDUTY
대관,LEND,LEND
대교협,KCUE,한국대학교육협의회
대금,PBIL,PAY THE BILL
대기,IDLE,IDLE
대대,BATT,A BATTALION
대리인,RPTT,A REPRESENTATIVE
대리점,FRCS,FRANCHISE
대립,CONFLI,CONFLICT
대변,CR,CREDITOR
대부,LOAN,LOAN
대분류,LCLSF,LARGE CODE
대비,CONTR,CONTRADISTINCTION
대사,SPCH,SPEECH
대신,SUBTT,SUBSTITUTION
대여자,LENDR,LENDER
대외학사,OUTSHAF,OUT BACHELOR
대우,TRMT,TREATMENT
대원,MEMB,MEMBER
대응,ACT,ACTION
대장,LEDG,LEDGER
대조표,SHT,SHEET
대지,LAND,LAND
대차,BALN,THE BALANCE
대출,BORW,BORROWING
대표,RPST,REPRESENTATION
대표자,RPSTR,REPRESENTATIVE
대학(원),UNIV,UNIVERSITY / COLLEGE
대학수학능력시험,CSAT,THE COLLEGE SCHOLASTIC ABILITY TEST
대학원,GRSC,GRADUATE SCHOOL
대회,CNFRC, CONFERENCE
데이터,DATA,DATA
데이터베이스,DB,DATABASE
도,PRVIN,PROVINCE
도급,UNDTAK,UNDERTAKING
도로,ROAD,ROAD
도메인,DOMAIN,DOMAIN
도면,DRWNG,DRAWING
도비라용지,DBPP,DOBIRA PAPER
도서,BOOK,BOOK
도서관,LIBRY,LIBRARY
도수,FQCY,FREQUENCY
도시,CITY,CITY
도움,AID,AN ALLOWANCE; AID
도움말,HLP,HELP
도착,ARV,ARRIVAL
독서,READ,READING
독자,READER,READER
독후감,IMPR,IMPRESSIONS OF A BOOK
동,DONG,DONG
동거,LITO,LIVE TOGETHER
동계,WINT,WINTER
동기,MOTV,MOTIVE
동력,PWR,POWER
동문,ALUM,ALUMNUS
동산,MVAB,MOVABLE PROPERTY
동승,RIDTGD,RIDING TOGETHER
동승자,RIDTGDR,RIDING TOGETHER PERSONS
동시,SYNC,SYNCHRONOUSNESS
동아리,CIRC,CIRCLE
동원,MOBI,MOBILIZATION
동의,CONS,CONSENT
동일,SAME,SAME
동일성,IDENTITY,IDENTITY
동적,DYNC,DYNAMIC
동향,TREND,"A TENDENCY, A TREND, A MOVEMENT"
뒤,BACK,BACK
듣기,LSTNG,LISTENG
등급,GRD,GRADE
등기,REG,REGISTRATION
등록금,TUIT,TUITION
등록자,REGER,UNDEFINED
디렉토리,DIR,DIRECTORY
디자인,DGN,DESIGN
량,QTY,QUANTITY
레이아웃,LAYOUT,LAYOUT
레코드,RECORD,RECORD
레포트,RPRT,A REPORT
로그,LOG,LOG
로그아웃,LOGOUT,LOGOUT
로그인,LOGIN,LOGIN
률,RATE,RATE
리,RI,RI
리더스,LDRS,LEADERS
리더십,LEADER,LEADERSHIP
리스,LESE,LEASE
리프트,LIFT,LIFT
림,WDLAND,WOODLAND
마감,CLS,CLOSING
마력,HRSPWR,HORSEPOWER
마스크비트,MSKBIT,MASK BITS
마일,MILE,MILEAGE
마지막,LST,LAST
만기,EXPR,EXPIRATION
만점,FMAK,FULL MARKS
만족도,SATI_MESU,SATISFACTION MEASUREMENT
말소,DEL,DELETE
말하기,SPK,"SPEAKING
"
매각,SALE,SALE
매뉴얼,MANU,MANUAL
매도,SELL,SELL
매매,TRD,TRADING
매수,SHTS,SHEETS
매입,BUY,BUY
매장,STOR,STORE
매체,MEDIUM,MEDIUM
맥박,PULSE,PULSATION
맥어드레스,MADDR,MAC(MEDIA ACCESS CONTROL) ADDRESS
맵핑,MAPNG,MAPPING
머리,HDR,HEADER
메뉴,MENU,MENU
메모,MEMO,MEMO
메모리,MEM,MEMORY
메세지,MSG,MESSAGE
메일,MAIL,MAIL
멘토,MNTO,MENTOR
멘토링,MNTR,MENTORING
멘티,MNTE,MENTEE
면,PAGE,PAGE
면담,INTRV,INTERVIEW
면세,EXMP_TAX,EXEMPTION FROM TAXATION
면제,EXMP,EXEMPT
면지,ENDPP,ENDPAPERS
면허,LIC,LICENSE
멸실,EXTIN,EXTINCTION
명단,LIST,LIST
명령,COMD,COMMAND
명예,HNR,HONOR
명의,NOMN,NOMINAL
명의자,NOMNR,A NOMINAL PERSON
명일주요예정사항,TMEC,TOMORROW MAIN EXPECTATION CONTENT
모,MOM,MOTHER
모금,COLT,COLLECTION
모니터링,MNTRG,MONITORING
모델,MDL,MODEL
모듈,MODL,MODULE
모의,IMIT,IMITATE
모임,MEETNG,MEETING
모집전형,SELT,SELECTION
목,ITEM,ITEM
목요일,THU,THURSDAY
목적,PURP,PURPOSE
목적지,DEST,DESTINATION
목차,CTNTBK,THE CONTENTS OF A BOOK
몫,ASSN,ASSIGNMENT
무급,UNPAID,"UNPAID, 




NONPAYMENT"
무기,ULMT,UNLIMITTED
무료,FREE,FREE
무선랜,WLAN,WIRELESS LAN
무시험,NOEXM,NO EXAMINATION
무시험검정,LWEX,LICENSE WITHOUT  EXAMINATION
무용,DANCE,DANCE
무자격,DQUAL,DISQUALIFICATION
무효,INVLD,INVALIDITY
문구,PHRS,PHRASE
문서,DOC,DOCUMENT
문예,LITR,LITERATURE
문의,QST,QUESTION
문자,CHR,CHARACTER
문제,PRBL,PROBLEM
문헌,LTTR,LITERATURE
문화재,CULTAST,CUTURAL ASSETS
물가배수,WTSD_DRNG,WATERSIDE DRAINAGE
물류,DSTRB,DISTRIBUTION
물리,PHYSIC,PHYSICAL
물품,GD,GOODS
미,UN,UN
미결정,PDNCY,PENDENCY
미경과,UNPASS,UNPASS
미달,LACK,LACK
미디어,MEDIA,MEDIA
미래,FUTR,FUTURE
미만,LESS,LESS
미배송,NOSHP,NOT SHIPPED
미배정,UNASSN,UN ASSIGNED
미비,UPRPD,UNPREPAREDNESS
미수,UNRCT,UNRECEIPT
미술,ART,ART
미졸,UNGRDT,NOT GRADUATE
미출고,NORELS,NOT RELEASED
미팅,MEET,MEETING
미필,UFSD,UNFINISHED
미흡,SHTG,SHORTAGE
민방위,CIVILDEF,CIVIL DEFENSE
민원,PETIT,PETITION
바닥,FLR,FLOOR
바코드,BARCD,BAR CODE
박,STAY,STAY
박사,PHD,DOCTOR OF PHILOSOPHY
반,CLSS,CLASS
반기,HFYY,HALF YEAR
반납,RTN,RETURN
반납자,RTNR,UNDEFINED
반려,RECA,RECALL
반려자,RECAR,UNDEFINED
반복,REPT,REPEAT
반액,HFAMT,HALF AMOUNT
반영,ADPT,ADOPTION
반올림,ROUND,ROUNDING OFF TO THE NEAREST INTEGER
반입,CRIN,CARRY IN
반장,FOREM,FOREMAN
반출,CROT,CARRY OUT
반출입,CRIO,CARRY IN/OUT
반품,RTNGD,RETURNING GOODS
반환,RET,RETURN
발간,ISSU,ISSUE
발령,OFORD,OFFICIAL ORDER
발령권,OFORD_AUTH,OFFICIAL ORDER AUTHORITY
발명,INVT,INVENTION
발생,OCCR,OCCUR
발송,SEND,SENDING
발신인,ADSR,ADDRESSER
발주,ORDR,ORDER
발표자,PRSNTR,PRESENTER
발표지,ANUN_JNL,ANNOUNCE JOUNAL
방문,VISIT,VISIT
방문자,VISITR,VISITOR
방법,MTHD,METHOD
방사선,RADI,RADIATION
방산물품,DIPROD,DEFENSE INDUSTRY PRODUCT
방지,PRVNT,PREVENT
방학,VACA,VACATION
방향,DIRCT,DIRECTION
배기,VNTL,VENTILATION
배기량,DSCAPA,DISPLACEMENT CAPACITY
배달,DLV,DELIVERY
배달처,DLVPL,DELIVERY PLACE
배당,ALLOT,ALLOTMENT
배부,DISTRB,SHARE
배상,REPRT,REPARATION
배송,SHIP,SHIPPING
배송기사,SHPDRV,SHIP DRIVER
배송비용,SHPCST,SHIP COST
배송처,SHPPLC,SHIP PLACE
배수,MLTPL,MULTIPLE
배열,ARR,ARRAY
배우자,WIFE,WIFE
배점,SCOR,SCORE
배정,ASGN,ASSIGN
배제,EXCP,EXCEPTION
배지,BADGE,BADGE
배출,SCCS,SUCCESSION
백분,PCT,PERCENT
백분위,PCTL,PERCENTILE 
백분율,PCNT,PERCENT
백업,BACKUP,BACKUP
버스,BUS,BUS
버전,VER,VERSION
번,NO,NUMBER
번식,PROPAG,PROPAGATION
번역,TRAN,TRANSLATION
번역문,TRSL,TRANSLATIONS
번지,ADDR,ADDRESS
벌점,DMMRK,DEMERIT
범위,RANGE,RANGE
법원,COUR,COURT
법인,CORP,CORPORATION
법정,FLAW,FIX BY LAW
벤쳐,VNTR,VENTURE
벽,WALL,WALL
변경자,CHGPSN,CHANGE PERSON
변리사,PAT_ATT,A PATENT ATTORNEY
변상,CMPS,COMPENSATION
변환,MOD,CHANGE
별,CLSF,CLASSIFICATION
별칭,ALIAS,ALIAS
병,ILL,ILLNESS
병가,SCKLV,SICK LEAVE
병과,MILBCH,MILITARY BRANCH
병력,SICK,SICKNESS
병무청,MILMP_ADM,THE OFFICE OF MILITARY MANPOWER ADMINISTRATION
병사,SLDR,SOLDIER
병역,MILSV,MILITARY SERVICE
병원,HOSP,HOSPITAL
병적,MLRG,MILITARY REGISTER
보강,SUPP_LT,SUPPLEMENTARY LECTURE
보관,CUTD,CUSTODY
보기,DISP,DISPLAY
보도,NEWS,NEWS
보류,SPND,SUSPENTION
보수,REPA,REPAIR
보수자,REPAR,REPAIR PERSON
보안,SCRTY,SECURITY
보완,SUPP,SUPPLEMENT
보유,POSS,POSSESS
보유자,POSSR,POSSESS PERSON
보육,CARE,CARE
보장,GUAR,GUARANTEE
보전,PRESRV,PRESERVATION
보정,CORR,CORRECTION
보조,ASSI,ASSISTANCE
보조원,ASSTNT,ASSISTANT
보조장,SUPBOOK,SUPPLIMENTARY BOOK
보증,GRNT,GUARANTEE
보증인,GUANTR,GUANTRTEE PERSON
보직,MISS,MISSION
보충역,RSVDTY,RESERVIST DUTY
보험,INSU,INSURANCE
보호,GUARD,GUARD
보호자,GUARDIAN,GUARDIAN
보훈,VA,VETERANS AFFAIRS
복귀,CMBK,COMEBACK
복리후생,WELF,WELFARE
복명,RPTBK,REPORT BACK
복무,PBSV,PUBLIC SERVICE
복사,COPY,COPY
복직,RESTT,REINSTATEMENT
복학,RESH,RETURN TO SCHOOL
복합,MIX,MIX
본,MN,MAIN
본관,FMORG,FAMILY ORGIN
본교,MSCH,MAIN SCHOOL
본문,TEXT,TEXT
본봉,BSALY,BASIC SALARY
본부,HDOFCE,HEAD OFFICE
본예산,MBUDG,MAIN BUDGET
본인,SLF,SELF
본적,FMADR,FAMILY ADDRESS
봉사,SRV,SERVICE
봉사자,SERVT,SERVANT
봉투,EVLP,ENVELOP
부,FACT,A FACULTY
부가세,SURTAX,SUPERTAX
부과,IMPS,IMPOSE
부금,INME,AN INSTALLMENT
부기,BOOKKP,BOOKKEEPING
부녀자,WOMN,FEMALE
부담,BUDEN,BURDEN
부담금,PNFE,PRINCIPLE EXPENSES
부대,FORC,FORCE
부대비용,EXTR_EXPS,EXTRA EXPENSE
부동산,REAL_EST,REAL ESTATE
부모,PARENT,PARENTS
부문,FLD,FIELD
부분,PRTL,PARTIAL
부설,SUB,(PREFIX) ~ UNDER
부속,AFF,AFFILIATION
부속품,ACSY,ACCESSORY
부수,NCS,NUMBER OF COPIES
부식,SDSH,SIDE DISH
부양,SPRT,SUPPORT
부업,SDJB,SIDE JOB
부적격자,DISQ,DISQUALIFIED
부전공,MI,MINOR
부정,NOT,NOT
부제,SUBTTL,SUBTITLE
부직,PTJOB,PARTTIME JOB
부합,COINCD,COINCIDENCE
분,MINT,MINUTE
분개,JNL,JOURNALIZING
분기,QTR,QUARTER
분대,SQUD,A SQUAD
분모,DNMN,DENOMINATOR
분반,DCLSS,DEVIDED CLASS
분산,DPS,DISPERSION
분석,ANALYSIS,ANALYSIS
분실,LOSS,LOSS
분임,DIVISN,DIVSION
분자,NMRT,NUMERATOR
불가,IMPB,IMPOSSIBLE
불능,INCAP,INCAPABILITY
불량,INFER,INFERIORITY
불용,DISUSE,DISUSE
불용자원,USRE,USELESS RESOURCE
불입,PAY,PAY
브라우저,BRWS,BROWSER
블랙리스트,BLST,BLACKLIST
비고,REMK,REMARK
비과세,NOTAX,NON-TAXABLE 
비교,COMP,COMPARE
비밀번호,PWD,PASSWORD
비상,EMR,EMERGENCY
비상근,PTIME,PART TIMR
비슷함,SIM,SIMILARITY
비용,COST,COST
비위,VIOL,VIOLATION
비자,VISA,VISA
비정상,ABNML,ABNORMAL
비축,RESV,RESERVE
빈도,FREQ,FREQUENCY
빔프로젝터,BMPT,BEAM PROJECTOR
사건,EVENT,EVENT
사고,ACDT,ACCIDENT
사람,PSN,PERSON
사람수,RCNT,NUMBER OF PERSONS
사랑,LOVE,LOVE
사무소,OFCE,OFFICE
사범대생,COESTD,STUDENT OF COLLEGE OF EDUCATION
사업,BIZ,BUSINESS
사업자,BIZR,BUSINESS MAN
사업자등록번호,BIZNO,BUSINESS NUMBER
사업화,CMZTN, COMMERCIALIZATION
사용,USE,USE
사용자정의,USR_DEF,USER DEFINED
사원,EMP,Employee
사유,RESN,REASON
사정,SCRN,SCREENING
사진,PHT,PHOTO
사회,SOC,SOCIETY
사회교육,SOC_EDU,SOCIAL EDUCATION
사회유력인사,POTNT,POTENTATE
사회저명인사,EMNTPSN,"EMINANT PERSON
"
산,MT,MOUNTAIN
산업,IDST,INDUSTRY
산재보험,OHSINS,OCCUPATIONAL HEALTH AND SAFETY INSURANCE 
산출물,OUTPT,OUTPUT
산학,INAC,INDUSTRY AND ACADEMIC
상,TOP,TOP
상근,FULTIME,FULL TIME
상담,CNSL,COUNSEL
상담역,CNSLOR, COUNSELOR
상담자,CNSLTR,CONSULTOR
상당,EQVT,EQUIVALENT
상대,RELE,RELATIVE
상대평가,RELE_APPR,UNDEFINED
상반기,FRST_HF,FIRST HALF 
상벌,ARD,AWARD
상세,DETA,DETAIL
상속,INHRT,INHERIT
상수도,WATERWOKS,WATERWORKS
상시,ORDY,ORDINARY TIMES
상여,BONUS,BONUS
상용화,COMMRZ,COMMERTIALIZED
상위,UP,UP
상응,RESPD,RESPONDENCE 
상이,WOUN,WOUN
상자,BOX,BOX
상장,PRIZE,PRIZE
상점,AWSCOR,AWARD SCORE
상조회,MTL_AID,MUTUAL AID
상태,ST,STATUS
상패,MEDAL,MEDAL
상표,BRND,BRAND
상품,PRDT,PRODUCT
상하행,GO_UPDN,GOING UP/DOWN
상한,UPP,UPPER
상해,INJR,INJURY
상호,FIRM,FIRM NAME
상환,RFND,REFUND
상황,APPE,APPEARANCE
색맹,CBLD,COLOR BLIND
색인,IDX,INDEX
생,STD,STUDENT
생계,LIV,LIVING
생년월일,BIRTH_DT,BIRTH DAY
생물,BIO,BIOLOGICAL
생산,PROD,PRODUCTION
생성,CREA,CREATE
생성자,CRTR,CREATER
생존,EXIST,EXISTENCE
생활,LIF,LIFE
서명,SIGN,SIGNATURE
서버,SERVER,SERVER
서브넷마스크,SUBNMSK,SUBNET MASK
서비스,SVC,SERVICE
서식,FORM,FORM
서약서,PRDOC," A WRITTEN PROMISE, DOCUMENT FOR PROMISE."
서지,BGPY,A BIBLIOGRAPHY
석박사,MDADOP,MASTER DEGREE AND DOCTOR OF PHILOSOPHY
석사,MASTER,MASTER
석식,DINR,DINNER
석차,RANK,RANKING
선,PRE,PREFIX
선거,ELCT,ELCT
선급,PREPAID,PREPAYMENT
선물,GIFT,GIFT
선발,SLT,SELECTION
선배,SENIOR,SENIOR
선불,PREPAY,PREPAY
선수,PLAYER,PLAYER
선정,CHOICE,CHOICE
선착순,FCFS,FIRST-COME-FIRST-SERVED BASIS
선취득과목,PRE ACQ SBJT,UNDEFINED
설강,OPENLECT,OPEN LECTURE
설립,FONDT,FOUNDATION
설명,DESCT,DESCRIPTION
설문,SURVEY,UNDEFINED
설문지,SVYSHT,SURVEY SHEET
설비,EQM,EQUIPMENT
설정,SETP,SETUP
성,CHARTR,CHARACTER
성공,SUCCSS,SUCCESS
성능,ABL,ABILITY
성별,GEN,GENDER
성분,ELEM,ELEMENT
성수기,HIDMSSN,A HIGH-DEMAND SEASON
성인,ADLT,ADULT
성장,GRTH,UNDEFINED
성적,MRKS,MARKS
세금액,TAXAMT,TAX AMOUNT
세기,CENT,CENTURY
세대,GENE,GENERATION
세대주,HOUSEHOLDER,A HOUSEHOLDER
세로,VERT,VERTICAL
세목,SB,SUB ACCOUNT
세무서,TAXOFCE,A TAX OFFICE
세미나,SEMI,SEMINA
세세목,SBIZ,SUB BUSINESS SEQ
세세항,SBBS,SUB BISUNESS SECTION
세액공제,TXDUC,TAX DEDUCTION
세율,TRATE,TAX RATE
세항,SBS,SUB SECTION
센터,CENTR,CENTER
소,SM,SMALL
소개,INTRO,INTRODUCTION
소견,OPIN,OPINION
소계,SBTT,SUBTOTAL
소급,RTRO,RETROACTION
소대,PLAT,A PLATOON
소득,EARN,EARNING
소득세,EITAX,THE EARNED INCOME TAX
소득세법,ITXLW,INCOME TAX LAW
소득자,EARNR,EARNER
소멸금액,DESTAMT,DESTAMT
소모품,CONGD,GOODS FOR CONSUME 
소분류,SCLSF,SMALL CODE
소속,POSI,"DEPARTMENT, POSITION"
소송,SUIT,SUIT
소수,MNR,MINORITY
소스,SRC,SOURCE
소액,SMAMT,SMALL AMOUNT
소요,ND,NEED
소위원회,SMCMTT,SMALL COMMITTEE
소유,OWN,OWNERSHIP
소유자,OWNR,OWNER
소재지,LOCA,LOCATION
소집,ASSE,ASSEMBLY
소프트웨어,SW,SOFTWARE
소화기,FIREEXT,EXTINGUISHER
속성,ATTR,ATTRIBUTE
손익,PFLS,PROFIT AND LOSS
송금,RMTNCE,"REMIT MONEY,"
송신자,SNDR,영어
쇄,PRINT,PRINTING
수강,TLSN,TAKING A LESSON
수강생,TLSNR,"A TRAINEE, A PERSON PRESENT AT A LECTURE CLASS"
수거,TAKE AWAY,TKAWY
수금,RECPT,RECEIPT
수납,ACPT,ACCEPTANCE
수능,SCHABLT,SCHOLASTIC ABILITY
수당,ALLOW,AN ALLOWANCE
수도,WAWRK,WATER WORKS
수령,ACCPT,ACCEPTANCE
수령자,RCTPSN,RECEIPT PERSON
수료,CETE,COMPLETE
수리,MATH,MATHEMATICS
수명,LIFE,LIFE TIME
수발,RCVSND,RECEIVE SEND
수석,HEAD,THE HEAD(CHEIF)
수수료,CMSN,COMMISSION
수술,OPER,OPERATION
수습,TRNG,TRAINING
수시,OFTEN,OFTEN
수신,RECP,THE RECEIPT OF A MESSAGE
수신자,RECPR,RECEPTOR
수업,LSN,LESSON
수여자,ARDR,AWARDER
수요,DMND,DEMAND
수요일,WED,WEDNESDAY
수용,ADMT,ADMITTED
수익,PROFIT,PROFIT
수입,INC,INCOME
수정자,MODER,MODIFY PERSON
수증자,RECPTR,UNDEFINED
수축,SHRK,SHRINKING
수탁,TRUST,TRUST
수퍼,SUPER,SUPER
수학,LRN,LEARNING
수행,CAOT,CARRY OUT
수험생,EXAM_TKR,EXAM TAKER
수험표,EXMSHT,EXAMINATION SHEET
수혜,BNFT,BENEFIT
숙박,HTCG,HOTEL CHARGES
숙직,NGHTY,NIGHT DUTY
순,PURE,PURE
순서,ORD,ORDER
숫자,NMRL,NUMERAL
스캔,SCAN,SCAN
스크랩,SCRAP,SCRAP
슬로건,SLOG,SLOGAN
습득,ACQ,ACQUISITION
승강기,ELEV,ELEVATOR
승격,PRMT,PROMOTION
승계,SUCC,SUCCESSION
승용,RIDG,UNDEFINED
승인,ACCP,ACCEPT
승인자,ACCPR,UNDEFINED
승차,RIDE,RIDE
시,SI,
시가,MPRC,MARKET PRICE
시각,HOUR,HOUR
시간,TM,TIME
시간표,TM_TBL,A TIME TABLE
시군구,CDS,"ADMINISTRATION CITY, DISTRICT, SECTION"
시기,SHTM,SCHOOL TERM
시디키,CDKEY,CD KEY
시력,SGHT,SIGHT
시뮬레이션,SIMUL,SIMULATION
시민,CTZN,CITIZEN
시분,HMINT,HOUR AND MINUTE
시상,AWRD,AWARD
시설,INST,INSTITUTION
시수,MHOUR,MAN HOUR
시스템,SYSTEM,SYSTEM
시외,SURB,SUBURBS
시작,FR,FROM
시장,MKT,MARCKET
시장성,MKTBLT,MARKETABILITY
시점,PTM,POINT OF TIME
시청,WTCH,WATCH
시행,PERF,PERFORM
시효,VALD,VALID
식,FMLA,FOMULA
식당,CAFE,A CAFETERIA
식별,DSTSH,DISTINGUISH
신,NEW,NEW
신규화,NEWLY,NEWLY
신도,BLV,BELIEVER
신문,PAPER,PAPER
신문기자,PRES_MAN,A PRESS MAN
신분,STTS,STATUS
신분증,IDCARD,ID CARD
신앙,FAITH,FAITH
신용공제회,CREDIT_UNION,UNDEFINED
신용카드,CREDIT_CARD,CREDIT CARD
신원,IDTY,IDENTITY
신입생,NEW_STD,NEW STUDENT
신청서,APLDOC,APPLY DOCUMENT
신청자,APLYT,APPLYANT
신체,BODY,BODY
신탁,TRST,TRUST
신호,SIGNL,SIGNAL
실기,PRAC,PRACTICAL
실무,BUSI,BUSINESS
실사,INVEST,INVESTIGATION
실시,RUN,RUN
실업,UNEM,UNEMPLOYMENT
실적물,RSLTS,RESULTS
실행로그,EXECLOG,EXECLOG
실험,EXPRM,EXPERIMENT
심사자,SCRNGR,SCREEINER
심판,JUDT,JUDGMENT
심화,DEEP,DEEPING
쓰기,WRTNG,WRITNG
아동,CHRN,CHILD
아버지,FTHR,FATHER
아침,MORNG,MORNING
악기,INSTMT,A MUSICAL INSTRUMENT
안건,MTR,MATTERS
안내,GUIDC,GUIDANCE
안전,SAF,SAFETY
암호,CRYPT,CRYPTOGRAM
압력,PRSS,PRESSURE
압류,SEIZ,SEIZURE
액면,FACE,FACE
앨범,ALBM,ALBUM
야간,NGHT,NIGHT
야식,MSNACK,MIDNIGHT SNACK 
약력,BFHT,A BRIEF (PERSONAL) HISTORY
약명,ABBNM,ABBREVIATED NAME
약속,APPO,APPOINTMENT
약어,ABB,ABBREVIATED
약정,AGR,AGREEMENT
약품,DRUG,DRUGS
양력음력,LUSO,LUNAR
양여,TRANS,TRANSFER
양육비,BREXPS,THE EXPENSE[COST] OF BRINGING UP A CHILD
양적,QUANTIV,QUANTITATIVE
어디서,WHERE,WHERE
어제,PREVDAY,PREVIOUS DAY
어학,LANG,LANGUAGE
언론사,SPCHCO,SPEECH COMPANY
언제,WHEN,WHEN
업로드,UPLOAD,UPLOAD
업무,BUSS,BUSINESS
업적,ACHV,ACHIEVEMENTS
업종,BIZTP,BUSINESS TYPE
업태,WKTP,WORK TYPE
에너지,ENERGY,ENERGY
에프터서비스,AS,AFTER SERVICE
엑셀,EXCEL,EXCEL
엘리트,ELITE,ELITE
여과,FILT,FILTER
여권,PSPT,PASSPORT
여부,YN,YES OR NO
여비,TREXPS,TRAVELING EXPENSES
여석,RCAPA,REMAINED CAPACITY
여학생,GRSTD,GIRL STUDENT
여행,TRIP,TRIP
역,IVS,INVERSE
역종,MILKD,MILITARY KIND
역할,ROLE,ROLE
연가,YRLV,YEARLY LEAVE
연결,CONN,CONNECT
연구,RECH,RESEARCH
연구비,RSAMT,RESEARCH AMOUNT
연구소,LAB,LABORATORY
연구원,RECHER,RESEARCHER
연금,PENS,PENSION
연금저축,PNSV,PENSION SAVINGS
연기,PSTP,"POSTPONEMENT,"
연락,COCT,"CONNECTION, CONTACT"
연락처,CNTINFO,CONTACT INFORMATION
연료,FUEL,FUEL
연말,YEND,YEAR-END
연면적,TTAR,TOTAL AREA
연번,SRNUM,SERIAL NUMBER
연보,ANRPRT,AN ANNUAL REPORT
연봉,YSALY,AN ANNUAL[A YEARLY] SALARY
연봉제,YSALY_BS,YEARLY SALARY BASE
연비,FUELEFY,FUEL EFFICIENCY
연수,STDTR,STUDY AND TRAINING
연식,MDLYR,MODEL YEAR
연장,EXTNS,EXTENTION
연차,ANNLV,ANNUALY
연체,DELY,DELAY
연합,LG,LEAGUE
연혁,HIST,HISTORY
열,COL,COLUMN
영구,ETER,ETERNITY
영문,ENG,ENGLISH
영선,BLDRPR,BUILDING AND REPAIRS
영수인,RECIP,RECIPIENT
영유아,BABY,BABY
영화,MOV,MOVIE
예,XMPL,EXAMPLE
예과,PRE_SUST,A PREPARATORY COURSE
예금,DEPO,DEPOSIT
예금주,DEPOTR,DEPOSITOR
예능,ACPM,ACCOMPLISHMENTS
예비,PREPA,PREPARATION
예비교육,OT,ORIENTATION
예비군,RESFORCE,RESERVE FORCE
예비비,SPAMT,SPARE AMOUNT
예산,BUDG,BUDGET
예상,EXPC,EXPECTATION
예수,WHOLD,WITHHOLD
예약,RESER,RESERVATION
예우,HNTRMT,HONORABLE TREATMENT
오디오,AUDIO,AUDIO
오류,ERR,ERROR
오전,AM,AM
오후,PM,"PM, AFTER NOON"
옥내,INDOR,INDOORS
옥외,OTDOR,OUTDOORS
온도,TEMP,TEMPERATURE
옵션,OPT,OPTION
완공,CMPLT,COMPLETION
완납,FULPAID,FULL PAYMENT
완독,CLSREAD,CLOSE READING
완성도,LVLEX,LEVEL OF  COMPLETION
외,OUT,OUT
외국납부,FRNPAI,FOREIGN PAID
외국어,FRN_LANG,FOREIGN LANGUAGE
외국어시험,FLN_EXAM,FOREIGN LANGUAGE EXAM
외국인,FOREIGNER,FOREIGNER
외국인등록번호,FOR_RES_NO,FOREIGNER RESIDENT NUMBER
외근,WORKOUT,WORKS OUTSIDE
외래,FORE,FOREIGN
외부,OTSD,OUTSIDE
외부인,OTSDR,OUTSIDER
외상,CRT,ON CREDIT
외양,APPRC,APPEARANCE
외자,FOFU,FOREIGN FUND
외화,FRGN_EXCHG,EXCHANGE
요강,REQM,REQUIRMENT
요건,COND,CONDITION
요금,FEE,FEE
요목,PRITEM,"PRINCIPAL ITEMS,"
요양,RECU,RECUPERATION
요일,DAY,DAY
요청자,DMNDR, DEMANDER
용량,CAPA,CAPACITY
용어,TMNLGY,TERMINOLOGY
용이,EASE,EASY
용지,SHEET,SHEET
우,RT,RIGHT
우대,PREF,PREFERENCE
우등,HONOR,HONOR
우등/경고,HNWRN,HONOR OR WARNNING
우리사주,OSC,OUR COMPANY STOCK
우수,EXCL,EXCELLENT
우천시,RAIN,RAINNING
우편,ZIP,ZIP CODE
우편물,POST,POST
운동,ATHLE,ATHLETICS
운전,DRIV,DRIVING
운전자,DRIVR,DRIVER
워크숍,WKSHP,WORKSHOP
원격,REMT,REMOTE
원고,MNSCR,A MANUSCRIPT 
원고지,MNSCRPP,MANUSCRIPT PAPER
원금,PRINSUM,THE PRINCIPAL SUM
원래,ORG,ORIGINAL
원리금,PIA,PRICIPAL AND INTEREST AMOUNT
원문,ORGTXT,ORIGINAL TEXT
원본,ORGWRK,ORIGINAL WORK
원서,ORGW,THE ORIGINAL (WORK)
원어,ORGLANG,ORIGINAL LANGUAGE
원인,CAUS,CAUSE
원장,LEGR,A LEDGER
원적,ORADR,ORIGINAL ADDRESS
원천,WTHL,WITHHOLDING
원천세,WHTAX,A WITHHOLDING (TAX) 
원화,WONCR,WON CURRENCY 
월,MM,MONTH
월별,CBYMM,CLASSIFIED BY MONTH
월세,MNRT,MONTHLY RENT
월요일,MON,MONDAY
월일,MMDD,MONTH DAY
웹,WEB,WEBSITE
위도,LAT,LATITUDE
위로,CMFT,COMFORT
위원회,CMTT,COMMITTEE
위촉,CHARG,CHARGE
위치,LOC,LOCATION
위험,RISK,RISK
윈도우,WDW,A WINDOW
유가,VLABL,"VALUABLENESS, HAVING A FIXED PRICE "
유급,ACPROB,ACADEMIC PROBATION
유도,INDCTN,INDUCTION
유연근무,SWK,SUPPLE WORK
유즈케이스,UC,USECASE
유지,MATE,MAINTENANCE
유학,STAB,STUDY ABROAD
유형,TYP,TYPE
육성,REAR,REARING
육아,INFC,INFANT CARE
융자,FINC,FINANCING
은행,BANK,BANK
음악,MUSIC,MUSIC
읍면,TWN,TOWN
읍면동,TWNVIL,TOWNS VILLAGES
응시,APPLEXAM,APPLY FOR AN EXAMINATION
의과,MDEPT,MEDICAL DEPARTMENT
의과대학,MEDICOLE,MEDICAL COLLEGE
의뢰인,CLNT,CLIENT
의료,MEDI,MEDICAL EXAMINATION
의료비,HFE,HUMAN EXPENSE
의무자,OBLIR,AN OBLIGATOR
의사,DOCTOR,DOCTOR
의식,CERE,CEREMONY
의존,DEPNDC,DEPENDENCE
의학,MECI,MEDICINE
이내,WTN,WITHIN
이내자내역,WPC,WITHIN CONTENT
이념,IDEAL,IDEAL
이동,MV,A MOVE
이력서,RESUME,RESUME
이론,THEO,THEORY
이메일,EMAIL,EMAIL
이사장,CDIR,THE CHIEF DIRECTOR
이수,CPTN,COMPLETION
이완,RELAX,"RELAXATION,"
이월,CYOV,CARRY OVER
이자,ITT,INTEREST
이전,BF,BEFORE
이중,DUP,DUPLICATE
이하,BLW,BELOW
이해,UNDR,UNDERSTAND
이후,AF,AFTER
익년도,NXYY,NEXT YEAR
인가,CONF,CONFIRM
인간,HUMAN,HUMAN
인건비,LABCOST,LABOR COSTS
인계자,SUCCR,UNDEFINED
인문,HUMN,HUMN
인브리딩,INBR,INBRIDING
인사,PSNMNG,PERSONNEL MANAGEMENT
인상,RAIS,RAISE
인성,HUSM,HUMANISM
인성검사,HUMTST,HUMAN INSTINCT TEST
인세,RYT,ROYALTY
인센티브,INCN,INCENTIVE
인수,TK,TAKE
인수자,TKR,UNDEFINED
인용,QTAT,QUOTATION
인적,HUM,HUMAN
인증,VLD,VALIDATION
인증서,CERTI,CERTIFICATION
인터넷,INET,INTERNET
인터뷰,INTV,INTERVIEW
인턴,INTN,INTERN
인턴쉽,INTRNS,INTERNSHIP
인하,DISCNT,DISCOUNT
일,DD,DAY
일간지,NEWSPP,NEWS PAPER
일괄,BATCH,BATCH
일반,GENRL,GENERAL
일반선택,EGS,ELECTIVE GENERAL SUBJECT
일수,DCNT,DAY COUNT
일숙직,ONTDT,ONE NIGHT DUTY
일시,DTTM,DATE TIME
일요일,SUN,SUNDAY
일용,DAILY,DAILY
일정,SCHE,SCHEDULE
일지,DIARY,A DIARY
일직,DDTY,DAY DUTY
일치,ACCRD,ACCORD
일할,BTDD,BY THE DAY
일회,ONCE,ONCE
읽기,RDNG,READING
잃다,LOST,LOST
임대,RNTL,RENTAL
임면,APP_DIS, APPOINT AND DISMISS
임상,CLINIC,CLINICAL
임원,DRTR,DIRECTOR
입고,IST,IN STORE
입관,ETRSD,ENTER RESIDENCE
입국,ENCO, ENTER A COUNTRY
입금,RCIPT,RECEIPT 
입대,ENST,ENLIST
입력,INPT,INPUT
입력자,INPTR,UNDEFINED
입목죽,STDTREE,STANDING TREE
입방,CUBE,CUBE
입사,JOIN_CO,JOIN THE COMPANY
입상,PRIZ,PRIZ
입시,ENEXAM,ENTRANCE EXAMINATION
입실,CHKIN,CHECK IN
입양,CHDADPT,CHILD ADOPTION
입원,HSPLZ,HOSPITALIZATION
입찰,BID,BID
입찰설명회,BDFAIR,BID FAIR
입학,ENTR,ENTRANCE
입학사정관,ADMS_OFCR,ADMISSIONS OFFICER
입회,ADMSS,ADMISSION
자가용,OWNCAR,A PRIVATELY-OWNED CAR
자금,TRSR,TREASURY
자기,SELF,SELF
자녀,CHILD,CHILDREN
자녀양육,BRED,BREED CHILDREN
자동,AUTO,AUTO
자릿수,CIPR,CIPR
자매결연,SISHOD,SISTERHOOD
자본,CPTL,CAPITAL
자산,ASST,ASSET
자연,NATU,NATURE
자원,RES,RESOURCE
자재,RSC,RESOURCE
자체,INT,INTERNAL
자치단체,SGVC,A SELF-GOVERNING COMMUNITY
자치회,CONCL,COUNCIL
자타,ONOT,ONESELF AND OTHERS
자택,PRVT_HOME,PRIVATE HOME
자퇴,LEAV,LEAVE
작가,WRTR,WRITER
작문,WRITE,WRITING
작성,DRWUP,DRAWING UP
작성자,DRWUPR,UNDEFINED
잔여,REST,REST
잔존,SURV,SURVIVAL
잠재,LATNC,"LATENCY, POTENTIALITY"
잡,PT,PETTY (EXPENSES)
잡매거진,JBMGN,JOB MAGAZINE
장,CHAP,CHAPTER
장기,LNTM,LONG TERM
장단기,LSTM,LONG/SHORT TERM
장려,ENC,ENCOURAGEMENT
장례,FUNE,FUNERAL
장례비,FNAMT,FUNERAL AMOUNT
장소,PL,PLACE
장애,HIND,HINDRANCE
장애인,HANDICAP,THE PHYSICALLY HANDICAPPED(PERSON)
장점,STRNTH,STRENGTH
장학,SCAL,SCHOLARSHIP
재고,STC,STOCK
재단,FND,FOUNDATION
재료,MAT,MATERIAL
재무,FINCL,FINANCIAL
재물,PROP,PROPERTY
재발급,RISSU,RE ISSUE
재심,NWTRL,NEW TRIAL
재원,FNRE,FINANCIAL RESOURCE
재임,INOFC,BEING IN OFFICE
재적,ENROL,ENROLLMENT
재직,HOOF,HOLDING OFFICE
재평위,NWTRAPCM,NEW TRIAL APPRAISAL COMMITEE
재하,STCK,STOCK
재학,HOSH,HOLDING SCHOOL
재형,PRT,PROPERTY
저널,JRNL,JOURNAL
저녁,EVENG,EVENING
저당,MOG,MORTGAGE
저자,AUTH,AUTHOR
저작권,CPRT,COPYRIGHT 
저작권자,CPRTR,UNDEFINED
저장,SAVE,SAVE
저축,SAV,SAVINGS
적부,FTNS,FITNESS
적부심사위원,SCRN_COMM,SCREENING  COMMITTEEMAN
적성,APTTD,APTITUDE
적재,LD,LOAD
적합,FIT,FIT
전공,MJ,MAJOR
전공선택,ESFM,ELECTIVE SUBJECT FOR MAJOR
전공필수,RSFM,REQUISITE SUBJECT FOR MAJOR
전과,CSUST,CHANGE SUBJECT OF STUDY
전근무지,BSIT,BEFORE SITE
전기,BIOGRP,BIOGRAPHY
전기말,EFHY,END OF THE FISRT HALF YEAR
전담,FLCHG,FULL CHARGE
전력,ELPWR,ELECTRIC POWER
전류,AMMET,AMMETER
전망,PRSP,PROSPECT
전문,SPT,SPECIALTY
전문가,SPLST,SPECIALIST
전반,CCLSS,CHANGE OF CLASS
전산,CMPR,COMPUTER
전신환,TTR,"TELEGRAPH TRANSFER RATE, TELEGRAPH MONEY ORDER"
전압,VOLT,VOLTAGE
전액,FUL,FULL
전역,DCMI,DISCHARGE FROM MILITARY SERVICE
전용,DVRS,DIVERSION
전월,PRVMM,PREVIOUS MONTH
전임,FLTM,FULL-TIME
전입,MVIN,MOVING IN
전자,EL,ELECTRICAL
전자계산서,EBILL,ELECTRONIC BILL
전자칠판,ELBKBD,ELECTRONIC BLACKBOARD
전집,CPTWK,COMPLETE WORKS
전출,MVOT,MOVING OUT
전출입,MVIO,MOVING IN  OUT
전투,CMBT,COMBAT
전표,SLIP,SLIP
전학,CHCOL,CHANGE OF COLLEGE
전화,TEL,TELEPHONE
전화번호,TELNO,TELEPHONE NUMBER
전후기,BFAF,BEFORE AFTER
절반,HF,HALF
절차,PROC,"PROCESS, PROCEDURE"
점검,CHCK,CHECK
점심,LUNCH,LUNCH
점유,OCCPTN,OCCUPATION
접근,ACCES,ACCESS
접미사,SUF,SUFFIX
접수,RECV,RECEIVE
접수자,RECVR,UNDEFINED
정,MA,MAIN
정규,REGU,REGULARITY
정규직,RGJOB,REGULAR JOB 
정근,RGWK,REGULAR[GOOD] ATTENDANCE
정년,ALMT,RETIREMENT AGE
정당,PTY,PARTY
정량,FQTY,A FIXED QUANTITY
정량정성,QUEM,QUANTITATIVE AND EMOTIONAL
정렬,SORT,SORT
정리,ARNG,ARRANGE
정보,INFO,INFORMATION
정보화기기,INFMCHN,INFORMATION MACHINE
정부,GVRNT,GOVERNMENT
정산,SETT,SETTLEMENT
정상,NOR,NORMAL
정의,DEF,DEFINITION
정적,STATIC,STATIC
정지,STOP,STOP
정치,POLITICS,POLITICS
제,YNBRO,YOUNGER BROTHER
제1,PRIM,PRIME
제공,PRFR,PROFFER
제목,TTL,TITLE
제본,BOOKBD,BOOKBINDING
제작,MAKE,MAKE
제적,REMV,REMOVAL
제청,RCMD,RECOMMEND
제출,SUBM,SUBMIT
제출자,SUBMR,UNDEFINED
제한,LMT,LIMIT
조,PARA,PARAGRAPH
조경,LNDSC,LANDSCAPE
조교,ASSTCR,ASSISTANT TEACHER
조기,EALY,EARLY
조림,AFRSTN,AFFORESTION
조모,GRNMOM,GRANDMOTHER
조부,GRNFA,GRANDFATHER
조서,PROT,PROTOCOL
조성,FRMT,FORMATION
조세특례법,TSLL,TAX SPECIAL LIMIT LAW
조식,BRFT,BREAKFAST
조정,ADJ,ADJUST
조직,FORMA,ORGANIZATION
조치,DISPO,DISPOSAL
조퇴,LEV,LEAVING WORK EARLY
조판,CPST,COMPOSITION
조합,SOCT,A SOCIETY
조형,ARTI,ARTIFICIAL
조회,INQ,INQUIRY
졸업,GRDT,GRADUATION
종강,ENOSH,END OF SCHOOL
종결,FNSH,FINISH
종교,RELI,RELIGION
종료,TO,TO
종류,KND,KIND
종목,EVNT,EVENT
종이,PP,PAPER
종파,REL_SECT,SECT OF RELIGION
종합,GNR,GENERALIZATION
좌,LF,LEFT
좌석,SEAT,SEAT
주간,DAYTM,DAYTIME
주거,HSNG,HOUSING
주관식,SBJTV,SUBJECTIVE
주기,PERD,PERIOD
주둔,STNG,STATIONING
주례,OFFI,OFFICIATING
주말,WEK_END,WEEK END
주문,ORDER,ORDER
주문신청,ORD_APLY,ORDER APPLY
주문자,ORD_PSN,ORDER PERSON
주민,RESDNT,RESIDENT
주민등록번호,RES_NO,RESIDENT NUMBER
주민세,IHTAX,INHABITANTS TAX 
주변,SURDNGS,SURROUNDINGS 
주석,CMMT,COMMENT
주식,PRPFD,PRINCIPAL FOOD
주야,DAN,DAY AND NIGHT
주입,INJE,INJECT
주제,THEME,THEME
주차,PRKNG,PARKING
주체자,HOST,HOST
주최,SPSHIP,SPONSORSHIP
주택마련저축,HSSV,HOUSE SAVINGS
주택자금,HSFND,HOUSE FUND
주파수,FREQU,FREQUENCY
준비,PREP,PREPARE
준비물,PREPS,PREPARATION
줄,LN,LINE
중,DURI,DURING
중간,MID,MIDDLE
중간고사,MEXM,MIDDLE EXAMINATION
중기,MIDTM,MIDDLE TERM
중대,SQUA,SQUADRON
중복공제,DPDD,DUPLICATION DEDUCTION
중분류,MCLSF,MIDDLE CODE
중식,LNCH,LUNCH
중앙,CEN,CENTER
중요,MAIN,MAIN
중장비,HEAVY_EQUIP,HEAVY EQUIPMENT
중핵,CORE,THE CORE
증가,INCR,INCREASE
증감,INDE,INCREASE & DECREASE
증권,SEC,SECURITIES
증명,CERTE,CERTIFICATE
증명서,CERT,CERT
증명서발급번호,CERT_ISSUE_NO,UNDEFINED
증상,SYMPT,SYMPTOMS
증서,DED,DEED
증정,PRST,PRESENT
증축,ENLARG,ENLARGEMENT
지가,LANDPRC,THE PRICE[VALUE] OF LAND
지각,LATE,LATENESS
지도,GUID,GUIDANCE
지도교수,ADVR,AN ADVISER
지로,GIRO,GIRO
지망,DESR,DESIRE
지목,LASE,LAND PURPOSE
지방,LOCL,LOCALITY
지번,LADR,LAND ADDRESS
지병,DISS,CHRONIC DISEASE
지불,PYMT,PAYMENT
지붕,ROOF,ROOF
지상,OVGR,OVER GROUND
지수,INDEX,INDEX
지시,INDICA,INDICATION
지식,KNLG,KNOWLEDGE
지역,LCAL,LOCAL
지연,DELAY,DELAY
지원,APLY,APPLY
지원자,APLIER,APPLIER
지적,ACR,ACRE
지점,BRAN,BRANCH
지정,APNT,APPOINTMENT
지질,QTPP,THE QUALITY OF PAPER 
지체상금,DLYPNLT,"DELAY PENALTY
"
지출,EXP,EXPENSE
지하,UNGR,UNDERGROUND
직군,WKPG,WORK POSITION GROUP 
직급,WKGD,WORK GRADE
직렬,WKSP,WORK SPECIES
직류,WKPART,WORK PART
직무,DUTY,DUTY
직불,DEBIT,DEBIT
직업,JOB,JOB
직열,WKROW,WORK ROW
직위,WKPO,WORK POSITION
직장,WKPL,WORK PLACE
직접비,DRCST,DIRECTR COST
직책,WKDTY,WORK DUTIES
진단,DIAG,DIAGNOSIS
진도,PRGRE,PROGRESS
진로,COURSE,COURSE
진보,PROG,PROGRESS
진품,TRGD,TRUE GOODS
질병,DSS,DISEASE
질적,QUALTIV,QUALITY
집중,CNCTR,CONCENTRATION
집합,GATH,GATHER
집행,EXEC,EXECUTION
징계,PNSH,PURNISH
차,CAR,CAR
차감,SBTR,SUBTRACTION
차관,DBT,DEBT
차기,NXT,NEXT
차대번호,VIN,VEHICLE IDENTIFICATION NUMBER
차변,DR,DEBIT
차입금,LOAMT,LOAN AMOUNT
차종,CAR_MDL,CAR MODEL
착공,BGN,BEGINNING
착신,RCPT,RECEIPT
참가,ATNDC,ATTENDANCE
참가자,ATNDCR,ATTENDANCER
참고,REF,REFERENCE
참여,PARTICI,PARTICIPATION
참여자,PARTICIR,UNDEFINED
창간,LAUN,LAUNCH
창원,CHWON,CHANG WON
창의성,CRTV,CREATIVITY
창작,CRE,CREATION
채권,BOND,BOND
채널,CHNL,CHANNEL
채번,ORDL,ORDINAL
채점,MRK,MARKING
채점자,SCRER,SCORER
책상,DESK,DESK
책임감,RSPS,REPONSIBILITY
책임자,DUTYR,A PERSON IN DUTY
책정,FIXNG,FIXING
처리,TRET,TREATMENT
처방,PRESCR,PRESCRIPTION
처치,TRT,TREAT
천정,ZENITH,ZENITH
철도,RAIL,RAILROAD
첨부,ATCH,ATTACH
청,ADM,ADMINISTRATION
청각,HEAR,THE SENSE OF HEARING
청약,SUBSCRP,SUBSCRIPTION
체격,PHYQ,PHYSIQUE
체결,CONCU,CONCLUSION
체력,PSTRNG,PHYSICAL STRENGTH
체력단련,PHYTRN,"PHYSICAL TRAINING
"
체류지,STAYPL,STAYING PLACE
체육,SPORTS,SPORTS
체험,EXPE,EXPERIENCE
초,SCNDS,SECONDS
초기,INI,INITIAL
초등,ELM,ELEMENTARY
초록,SMR,SUMMARY
초빙,INVIT,INVITATION
초심,FTTRL,FIRST TRIAL
초중고,EMH,ELEMENTARY MIDDLE HIGH
초진,FSMEDI,THE FIRST MEDICAL EXAMINATION
총괄,WHOLE,GENERLIZATION
총무,GNAF,GENERAL AFFAIRS
총서,SERI,A SERIES
총설,GNRRMKS,GENERAL REMARKS
총장,CHANC,CHANCELLOR
총점,TT_SCOR,TOTAL SCORE
촬영,PHTGP,PHOTOGRAPHING
최고,BEST,BEST
최근,LTST,THE LATEST
최대,MAX,MAXIMUM
최소,MIN,MININUM
추경,ABUDG,ADD BUDGET
추론,DEDUCT,DEDUCT
추정,PRESU,PRESUMPTION
추진,PROPU,PROPULSION
추천자,RCOMR,UNDEFINED
출결,ATND,ATTENDANCE
출고,OUST,OUT STORE
출국,DECO,DEPART COUNTRY
출근,ATDC,ATTENDANCE
출금,OUAMT,OUT AMT
출납,PYMNT,PAYMENTS
출력,PRN,PRINT
출산,CHDBIRTH,CHILD BIRTH
출생,BIRTH,BIRTH
출석부,ATT_BOOK,ATTENDANCE BOOK
출신,NATV,A NATIVE
출연금,CNTRB,CONTRIBUTION
출원,APPL,APPLICATION
출장,BSTR,BUSINESS TRIP
출전,PATICIPA,PARTICIPATION
출제위원,EXAMINER,EXAMINER
출판사,PUBL_CO,A PUBLISHING COMPANY
충당,ALLOC,ALLOCATE
충실도,FDLT,FIDELITY
충용,APPRO,APPROPRIATION
충족,SUFY,SUFFICIENCY
취급,TRMENT,TREATMENT
취미,HOB,HOBBY
취소,CNCL,CANCEL
취소자,CNCLR,UNDEFINED
취학전아동,PRECHD,A PRESCHOOL CHILD
측량,SVY,SURVEY
치과,DENT,DENTAL
친절,KNDN,KINDNESS
친절도,KNDRT,KINDNESS RATE
카드,CARD,CARD
캠퍼스,CAMP,CAMPUS
컨소시엄,CONSRM,CONSORTIUM
코드,CD,CODE
코치,COACH,COACH
쿠폰,CPN,COUPON
퀴즈,QUIZ,QUIZ
크기,SIZE,SIZE
클래스,CLASS,CLASS
클리닉,CLNC,CLINIC
키,KEY,KEY
키워드,KEYWORD,KEYWORD
타,OTH,OHTER
타교,OTSCH,OTHER SCHOOL
타교생,OUTSTU,OTHER SCHOOL STUDENT
타군,OTMIL,OTHER MILITARY
타전공,OTMJ,OTHER MAJOR
탈고,CPMS,COMPLETION OF A MANUSCRIPT
탈락,DRP,DROP
탈퇴,QUIT,QUIT
탐구,SRCH,SEARCH
태도,ATTI,ATTITUDE
테스트,TEST,TEST
테이블,TABL,TABLE
테이프,TAPE,TAPE
토론,DISCU,DISCUSS
토론자,DEBATR,DEBATER
토요일,SAT,SATURDAY
토익,TOEIC,TOEIC
토플,TOEFL,TOEFL
통계,STAT,STATISTICS
통과,PASS,PASS
통관,ENTRY,ENTRY
통상,NORM,NORMALLY
통신,COMM,COMMUNICATION
통장,BNKBK,BANKBOOK
통제,CTRL,CONTROL
통학,ATNDSCH,ATTENDING SCHOOL
통합,INTGRTN,INTEGRATION
통화,CALL,CALL
퇴거,QUTT,LEAVING;QUITTING
퇴관,LVRM,LEAVING THE ROOM
퇴근,AFWK,AFTER WORK
퇴사,LEAVDORM,LEAVE A DORMITARY
퇴원,LVHOS,LEAVING HOSPITAL
퇴직,RETI,RETIRE
퇴직금,RETI_PAY,RETIREMENT PAY
투자,INVST,INVESTMENT
투자조합,ICOMP,AN INVESTMENT COMPANY
투표,BLOT,BALLOT
튜터,TUTR,TUTOR
튜터링,TUTRNG,TUTORING
튜티,TUTE,TUTEE
특기,SKIL,SKILL
특례,SPCLEX,SPECIAL EXAMPLE
특별,SPCL,SPECIAL
특별세,SPTAX,SPECIAL TAX
특성화,CHRTZN,CHARACTERIZATION
특이,SPC,SPECIAL
특전,PRIV,PRIVILEGE
특징,FEAT,FEATURE
특차,SPTM,SPECIAL TIME
특허,PATENT,PATENT
팀,TEAM,TEAM
팀원,TMMBR,TEAM MEMBER
팀장,TMCPT,TEAM CAPTAIN
파견,DTMT,DETACHMENT
파급,EFT,EFFECT
파일,FILE,FILE
판,EDT,EDITION
판결,JUDGMNT,JUDGEMENT
판형,FMT,FORMAT
패키지,PKG,PACKAGE
팩스,FAX,FAX
편람,HNDBOOK,HANDBOOK
편의,CONV,CONVENIENCE
편자,EDTR,EDITOR
편저,CMPL,COMPILATION
편저자,CMPLR,COMPILATION
편차,VARIA,VARIATION
평가도구,APRTL,APPRAISE TOOL
평가자,APPRR,APPRAISAL
평균,AVG,AVERAGE
평방,SQUR,SQUARE
평생교육사,LIFE_EDU_LIC,LIFE_EDU_LIC
평수,PYNO,NUMBER OF PYEONG 
평정,EST,ESTIMATE
폐강,CLS_CLSS,CLOSE CLASS
폐교,DIPSCHL,DIPOSAL SCHOOL
폐기,DIPS,DISPOSAL
폐기자,DIPSR,DISPOSALOR
폐품,WAST,WASTE ARTICLES
포괄,INCL,INCLUDE
포기,GVUP,GIVE UP
포장,PACKNG,PACKING
포지션,POSIT,POSITION
포트폴리오,PRTFL,PORTFOLIO
표,CHRT,CHART
표준,STAD,STANDARD
표준편차,STAD_DEVI,STANDARD DEVIATION
표지,COVER,COVER
풀,POOL,POOL
품의,CNST,CONSULTAION
품절,SLDOUT,SOLD OUT
품질,QLTY,QUALITY
프로그램,PGM,PROGRAM
프리랜서,FRLNCR,FREELANCER
프린터,PRNR,PRINTER
피고,DEFNDNT,DEFENDANT
피드백,FDBK,FEEDBACK
피배정,ASGNED,ASSGNED
피크,PEAK,PEAK
픽업,PICUP,PICKS UP
필기,TNOTE,TAKING NOTES
필기시험,WREXAM,WRITING EXAMINATION
필드,FIELD,FIELD
필름동판,FLMCPP,FLIM COPPERPLATE 
필명,PEN_NM,PEN NAME
필자,WRITER,WRITER
하,BTTM,BOTTOM
하기,SUMM,SUMMER
하수도,DRAGE,DRAINAGE
하자,FULT,FAULT
하한,LOW,LOWER
하한선,LOWLMT,LOW LIMIT
학과,SUST,SUBJECT OF STUDY
학교,SCH,SCHOOL
학기제,TRM_SYS,TERM SYSTEM
학년,SHYR,SCHOOL YEAR
학년도,SCHYY,A SCHOOL YEAR
학력,SHCR,SCHOOL CAREER
학무,SHAF,SCHOOL AFFAIRS
학문,STUD,STUDIES
학번,STUNO,STUDENT NUMBER
학부모,STPRT,STUDENT' PARENT
학비,SCHEXP,SCHOOL EXPENSES
학생부,STD_HIS,STUDENT HISTORY
학생증,STD_IDCD,A STUDENT´S (IDENTIFICATION) CARD
학생회,STD_ASM,STUDENT ASSEMEBLY
학석사,BCHLOR_MSTR,"A BACHELOR AND A MASTER"
학수,STLSN,SUBJECT OF STUDY'S LESSON
학술,ACDM,AN ACADEMY
학술진흥재단,KRF,KOREA RESEARCH FOUNDATION
학습자,LRNER,LEARNING PERSON
학업,STDS,STUDIES
학원,ACMY,ACADEMY
학원비,ACAEXP,ACADEMY EXPENSE
학위,DEGR,DEGREE
학자,SCLAR,SCHOLAR
학자금,EDU_FUND,EDUCATION FUND
학장,DEAN,DEAN
학적,SHREG,SCHOOL REGISTER
학점,PNT,POINT
학제,EDUSTM,AN EDUCATIONAL SYSTEM
학칙,SCHRL,SCHOOL RULE
한국어,KRL,KOREAN LANGUAGE
한글,KOLN,KOREAN LANGUAGE
한문,CHA,CHINESS CHARACTER
할인,DC,DISCOUNT
할인전,DCBEF,DISCOUNT BEFORE
함수,FUNCT,FUNCTION
합,SUM,SUMMARY
합동,COMB,COMBINATION
합반,COMCS,COMBINED CLASS
합산,ADUP,"TOTAL, ADDING UP"
합성,SYNTHESIS,SYNTHESIS
항공,AIR,AIR
해결,SOLVE,SOLVE
해고,DSMS,DISMISSAL
해당,PRTNT,PERTINENT
해제,RLEAS,RELEASE
해지,TRMN,TERMINATION
해체,BRKUP,BREAKUP
핸드폰,HP,
행,ROW,ROW
향방,NTDF,ONE´S NATIVE PLACE DEFENSE
향토,NTPC,ONE´S NATIVE PLACE
허가,ALLW,ALLOWANCE
허가서,ALLWDOC,UNDEFINED
현근무지,CSIT,CURRENT SITE
현장,SCENE,SCENE
현재,NOW,NOW
현지,ACPL,THE ACTUAL PLACE
현직,INCBT,INCUMBENT
현황,PRECON,THE PRESENT CONDITION
혈압,BLD_PRSS,BLOOD PRESSURE
혈액,BLD,BLOOD
혈액형,BLDTP,BLOOD TYPE
협진,COMEDI,COOPERATION MEDICAL EXAMINATION AND TREATMENT
형,ELBRO,ELDER BROTHER
형제,BROTH,BROTHER
형편,SITU,SITUATION
호,HO,HO
호봉,STEP,PAY STEP
호실,ROOM,ROOM
호주와의관계,HOST_REL,RELATION WITH HOST
호출기,BEPR,BEEPER
홈페이지,HOME_PAGE,HOME PAGE
홍보,PR,PUBLIC RELATIONS
홍보물,PRBR,PR BROCHURE
화물,CARG,CARGO
화요일,TUE,THUESDAY
화폐,MNY,MONEY
확인,CFM,CONFIRM
확인자,CFMR,UNDEFINED
확정자,DCSNR,DECISIONER
환경,ENVIR,ENVIRONMENT
환급보험료,RET_PREM,RETURN PREMIUM
환불,REPMT,REPAYMENT
환산,EXCH,EXCHANGE
환산비율,EXCGRT,EXCHANGE RATE
환수,RDMP,REDEMPTION
환율,EXRATE,EXCHANGE RATE
환자,PATI,A PATIENT
회계,ACNT,ACCOUNTS
회답,X-RADIATION,REPLY
회보,BLTN,A BULLETIN
회비,DUES,DUES
회선,CIRCUIT,CIRCUIT
회의록,MEETRD,MEETING RECORD
회장,PSDT,PRESIDENT
회전,REV,REVOLUTION
회지,BULL,BULLETIN
회칙,CONSTI,CONSTITUTION
회화,CNVS,CONVERSATION
효도,FIPIT,FILIAL PIETY
후배,JUNIOR,JUNIOR
후보,CANDI,CANDIDATE
훈련,TRN,TRAIN
훈화,ADMO,ADMONITION
휠체어,WHLCHR,WHEELCHAIR
휴,CEAST,CEAST
휴강,SKIP_LT, SKIPPING A LECTURE
휴대,CARY,CARRY
휴직,NDTY,NOT DUTY
흉부,CHEST,CHEST
흡연,SMOKE,SMOKE
흡입,SUCT,SUCTION
희망,HOPE,HOPE
,,
,,
,,
,,
,,
,,
,,
,,
,,
,,
,,
,,
,,
,,
,,
,,
,,
,,
,,
,,
,,
,,
,,
,,
,,
,,
,,
,,
,,
,,
,,
,,
,,
,,
,,
,,
,,
,,
,,
,,
,,
,,
,,
,,
,,
,,
,,
,,
,,
,,
,,
,,
,,
,,
,,
,,
,,
,,
,,
,,
,,
,,
,,
,,
,,
,,
,,
,,
,,
,,
,,
,,
,,
,,
,,
,,
,,
,,
,,
,,
,,
,,
,,
,,
,,
,,
,,
,,
,,
,,
,,
,,
,,
,,
,,
,,
,,
,,
,,
,,
,,
,,
,,
,,
,,
,,
,,
,,
,,
,,
,,
,,
,,
,,
,,
,,
,,
,,
,,
,,
,,
,,
,,
,,
,,
,,
,,
,,
,,
,,
,,
,,
,,
,,
,,
,,
,,
,,
,,
,,
,,
,,
,,
,,
,,
,,
,,
,,
,,
,,
,,
,,
,,
,,
,,
,,
,,
,,
,,
,,
,,
,,
,,
,,
,,
,,
,,
,,
,,
,,
,,
,,
,,
,,
,,
,,
,,
,,
,,
,,
,,
,,
,,
,,
,,
,,
,,
,,
,,
,,
,,
,,
,,
,,
,,
,,
,,
,,
,,
,,
,,
,,
,,
,,
,,
,,
,,
,,
,,
,,
,,
,,
,,
,,
,,
,,
,,
,,
,,
,,
,,
,,
,,
,,
,,
,,
,,
,,
,,
,,
,,
,,
,,
,,
,,
,,
,,
,,
,,
,,
,,
,,
,,
,,
,,
,,
,,
,,
,,
,,
,,
,,
,,
,,
,,
,,
,,
,,
,,
,,
,,
,,
,,
,,
,,
,,
,,
,,
,,
,,
,,
,,
,,
,,
,,
,,
,,
,,
,,
,,
,,
,,
,,
,,
,,
,,
,,
,,
,,
,,
,,
,,
,,
,,
,,
,,
,,
,,
,,
,,
,,
,,
,,
,,
,,
,,
,,
,,
,,
,,
,,
,,
,,
,,
,,
,,
,,
,,
,,
,,
,,
,,
,,
,,
,,
,,
,,
,,
,,
,,
,,
,,
,,
,,
,,
,,
,,
,,
,,
,,
,,
,,
,,
,,
,,
,,
,,
,,
,,
,,
,,
,,
,,
,,
,,
,,
,,
,,
,,
,,
,,
,,
,,
,,
,,
,,
,,
,,
,,
,,
,,
,,
,,
,,
,,
,,
,,
,,
,,
,,
,,
,,
,,
,,
,,
,,
,,
,,
,,
,,
,,
,,
,,
,,
,,
,,
,,
,,
,,
,,
,,
,,
,,
,,
,,
,,
,,
,,
,,
,,
,,
,,
,,
,,
,,
,,
,,
,,
,,
,,
,,
,,
,,
,,
,,
,,
,,
,,
,,
,,
,,
,,
,,
,,
,,
,,
,,
,,
,,
,,
,,
,,
,,
,,
,,
,,
,,
,,
,,
,,
,,
,,
,,
,,
,,
,,
,,
,,
,,
,,
,,
,,
,,
,,
,,
,,
,,
,,
,,
,,
,,
,,
,,
,,
,,
,,
,,
,,
,,
,,
,,
,,
,,
,,
,,
,,
,,
,,
,,
,,
,,
,,
,,
,,
,,
,,
,,
,,
,,
,,
,,
,,
,,
,,
,,
,,
,,
,,
,,
,,
,,
,,
,,
,,
,,
,,
,,
,,
,,
,,
,,
,,
,,
,,
,,
,,
,,
,,
,,
,,
,,
,,
,,
,,
,,
,,
,,
,,
,,
,,
,,
,,
,,
,,
,,
,,
,,
,,
,,
,,
,,
,,
,,
,,
,,
,,
,,
,,
,,
,,
,,
,,
,,
,,
,,
,,
,,
,,
,,
,,
,,
,,
,,
,,
,,
,,
,,
,,
,,
,,
,,
,,
,,
,,
,,
,,
,,
,,
,,
,,
,,
,,
,,
,,
,,
,,
,,
,,
,,
,,
,,
,,
,,
,,
,,
,,
,,
,,
,,
,,
,,
,,
,,
,,
,,
,,
,,
,,
,,
,,
,,
,,
,,
,,
,,
,,
,,
,,
,,
,,
,,
,,
,,
,,
,,
,,
,,
,,
,,
,,
,,
,,
,,
,,
,,
,,
,,
,,
,,
,,
,,
,,
,,
,,
,,
,,
,,
,,
,,
,,
,,
,,
,,
,,
,,
,,
,,
,,
,,
,,
,,
,,
,,
,,
,,
,,
,,
,,
,,
,,
,,
,,
,,
,,
,,
,,
,,
,,
,,
,,
,,
,,
,,
,,
,,
,,
,,
,,
